Workbook

Sheet Summary
A1: Optimization | B1: Vanilla
A2: Ram | B2: Total-Time | C2: Total-Fake-Dirty-Pages | D2: Total-Transferred-Page-Count | E2: FD Percentage | G2: FD Percentage : The Percentage of Fake Dirty Pages from The Total # of Pages Marked for Transfer | P2: SS
A3: 1024 | B3: =Vanilla!E6 -> 10552.333 | C3: =Vanilla!Q6 -> 21901.667 | D3: =Vanilla!R6 -> 304901.33 | E3: =C3/D3 -> 0.071831981
A4: 2048 | B4: =Vanilla!E13 -> 22718 | C4: =Vanilla!Q13 -> 56554.667 | D4: =Vanilla!R13 -> 645633 | E4: =C4/D4 -> 0.087595688
A5: 4096 | B5: =Vanilla!E20 -> 40078 | C5: =Vanilla!Q20 -> 189537.33 | D5: =Vanilla!R20 -> 1344508 | E5: =C5/D5 -> 0.14097152
A6: 8192 | B6: =Vanilla!E27 -> 56432 | C6: =Vanilla!Q27 -> 187223.67 | D6: =Vanilla!R27 -> 2417097.3 | E6: =C6/D6 -> 0.077458059
A7: 12288 | B7: =Vanilla!E34 -> 75654 | C7: =Vanilla!Q34 -> 299065.33 | D7: =Vanilla!R34 -> 3595613.7 | E7: =C7/D7 -> 0.083175046
A8: 16384 | B8: =Vanilla!E41 -> 88905 | C8: =Vanilla!Q41 -> 369528.67 | D8: =Vanilla!R41 -> 4734474.3 | E8: =C8/D8 -> 0.078050622
G9: TMT Improvement
A10: Optimization | B10: XBZRLE | G10: Vanilla vs | H10: X | I10: C | J10: HS1 | K10: HM5 | L10: HM3 | M10: XHS1 | N10: XHM5 | O10: XHM3 | P10: CHS1 | Q10: CHM5 | R10: CHM3
A11: Ram | B11: Total-Time | C11: Total-Fake-Dirty-Pages | D11: Total-Transferred-Page-Count | E11: FD Percentage | G11: Ram | U11: X | W11: XBZRLE
A12: 1024 | B12: =XBZRLE!E6 -> 10232.667 | C12: =XBZRLE!Q6 -> 21649.667 | D12: =XBZRLE!R6 -> 300142.33 | E12: =C12/D12 -> 0.072131333 | G12: 1024 | H12: =(B3-B12)/B3 -> 0.030293458 | I12: =($B$3-$B21)/$B$3 -> 0.32267745 | J12: =($B$3-$B30)/$B$3 -> 0.059891967 | K12: =($B$3-$B39)/$B$3 -> 0.075591496 | L12: =($B$3-$B48)/$B$3 -> 0.056733108 | M12: =($B$3-$B57)/$B$3 -> 0.025649935 | N12: =($B$3-$B66)/$B$3 -> 0.018321382 | O12: =($B$3-$B75)/$B$3 -> 0.017342136 | P12: =($B$3-$B84)/$B$3 -> 0.36715418 | Q12: =($B$3-$B93)/$B$3 -> 0.3972897 | R12: =($B$3-$B102)/$B$3 -> 0.38544398 | U12: C | W12: Compress
A13: 2048 | B13: =XBZRLE!E13 -> 21128.333 | C13: =XBZRLE!Q13 -> 37841.667 | D13: =XBZRLE!R13 -> 595248 | E13: =C13/D13 -> 0.063572942 | G13: 2048 | H13: =(B4-B13)/B4 -> 0.069973883 | I13: =($B$4-$B22)/$B$4 -> 0.33095636 | J13: =($B$4-$B31)/$B$4 -> 0.092349679 | K13: =($B$4-$B40)/$B$4 -> 0.10520292 | L13: =($B$4-$B49)/$B$4 -> 0.086876779 | M13: =($B$4-$B58)/$B$4 -> 0.11206972 | N13: =($B$4-$B67)/$B$4 -> 0.11174693 | O13: =($B$4-$B76)/$B$4 -> 0.11557649 | P13: =($B$4-$B85)/$B$4 -> 0.37013235 | Q13: =($B$4-$B94)/$B$4 -> 0.3960736 | R13: =($B$4-$B103)/$B$4 -> 0.37849576 | U13: HS1 | W13: HBFDP_SHA1
A14: 4096 | B14: =XBZRLE!E20 -> 38105 | C14: =XBZRLE!Q20 -> 171713 | D14: =XBZRLE!R20 -> 1310042.3 | E14: =C14/D14 -> 0.13107439 | G14: 4096 | H14: =(B5-B14)/B5 -> 0.049229003 | I14: =($B$5-$B23)/$B$5 -> 0.3512484 | J14: =($B$5-$B32)/$B$5 -> 0.12040687 | K14: =($B$5-$B41)/$B$5 -> 0.13983565 | L14: =($B$5-$B50)/$B$5 -> 0.13394714 | M14: =($B$5-$B59)/$B$5 -> 0.10085334 | N14: =($B$5-$B68)/$B$5 -> 0.1429213 | O14: =($B$5-$B77)/$B$5 -> 0.1001547 | P14: =($B$5-$B86)/$B$5 -> 0.35702048 | Q14: =($B$5-$B95)/$B$5 -> 0.39443918 | R14: =($B$5-$B104)/$B$5 -> 0.37826239 | U14: HM5 | W14: HBFDP_MD5
A15: 8192 | B15: =XBZRLE!E27 -> 55719.667 | C15: =XBZRLE!Q27 -> 189679.67 | D15: =XBZRLE!R27 -> 2446905.7 | E15: =C15/D15 -> 0.077518177 | G15: 8192 | H15: =(B6-B15)/B6 -> 0.012622862 | I15: =($B$6-$B24)/$B$6 -> 0.1953856 | J15: =($B$6-$B33)/$B$6 -> 0.074721198 | K15: =($B$6-$B42)/$B$6 -> 0.10856724 | L15: =($B$6-$B51)/$B$6 -> 0.093558029 | M15: =($B$6-$B60)/$B$6 -> 0.066215386 | N15: =($B$6-$B69)/$B$6 -> 0.11005576 | O15: =($B$6-$B78)/$B$6 -> 0.07518193 | P15: =($B$6-$B87)/$B$6 -> 0.23071425 | Q15: =($B$6-$B96)/$B$6 -> 0.2618727 | R15: =($B$6-$B105)/$B$6 -> 0.21656743 | U15: HM3 | W15: HBFDP_Murmur3
A16: 12288 | B16: =XBZRLE!E34 -> 73263.333 | C16: =XBZRLE!Q34 -> 269453.67 | D16: =XBZRLE!R34 -> 3525425 | E16: =C16/D16 -> 0.076431541 | G16: 12288 | H16: =(B7-B16)/B7 -> 0.031600004 | I16: =($B$7-$B25)/$B$7 -> 0.17617046 | J16: =($B$7-$B34)/$B$7 -> 0.10212723 | K16: =($B$7-$B43)/$B$7 -> 0.1432883 | L16: =($B$7-$B52)/$B$7 -> 0.10712366 | M16: =($B$7-$B61)/$B$7 -> 0.082665821 | N16: =($B$7-$B70)/$B$7 -> 0.13428239 | O16: =($B$7-$B79)/$B$7 -> 0.10626889 | P16: =($B$7-$B88)/$B$7 -> 0.18037821 | Q16: =($B$7-$B97)/$B$6 -> 0.31571331 | R16: =($B$7-$B106)/$B$7 -> 0.19545122 | U16: XHS1 | W16: XBZRLE_HBFDP_SHA1
A17: 16384 | B17: =XBZRLE!E41 -> 88181.667 | C17: =XBZRLE!Q41 -> 298566 | D17: =XBZRLE!R41 -> 4628958 | E17: =C17/D17 -> 0.064499613 | G17: 16384 | H17: =(B8-B17)/B8 -> 0.0081360253 | I17: =($B$8-$B26)/$B$8 -> 0.097253623 | J17: =($B$8-$B35)/$B$8 -> 0.021322385 | K17: =($B$8-$B44)/$B$8 -> 0.12845547 | L17: =($B$8-$B53)/$B$8 -> 0.043094689 | M17: =($B$8-$B62)/$B$8 -> 0.022544664 | N17: =($B$8-$B71)/$B$8 -> 0.063532235 | O17: =($B$8-$B80)/$B$8 -> 0.028142399 | P17: =($B$8-$B89)/$B$8 -> 0.098505896 | Q17: =($B$8-$B98)/$B$8 -> 0.1412669 | R17: =($B$8-$B107)/$B$8 -> 0.097684795 | U17: XHM5 | W17: XBZRLE_HBFDP_MD5
U18: XHM3 | W18: XBZRLE_HBFDP_Murmur3
A19: Optimization | B19: Compress | U19: CHS1 | W19: Compress_HBFDP_SHA1
A20: Ram | B20: Total-Time | C20: Total-Fake-Dirty-Pages | D20: Total-Transferred-Page-Count | E20: FD Percentage | U20: CHM5 | W20: Compress_HBFDP_MD5
A21: 1024 | B21: =Compress!E6 -> 7147.3333 | C21: =Compress!Q6 -> 22758.333 | D21: =Compress!R6 -> 286471 | E21: =C21/D21 -> 0.07944376 | U21: CHM3 | W21: Compress_HBFDP_Murmur3
A22: 2048 | B22: =Compress!E13 -> 15199.333 | C22: =Compress!Q13 -> 49604.333 | D22: =Compress!R13 -> 560801.67 | E22: =C22/D22 -> 0.088452543
A23: 4096 | B23: =Compress!E20 -> 26000.667 | C23: =Compress!Q20 -> 98742 | D23: =Compress!R20 -> 1119809 | E23: =C23/D23 -> 0.088177537
A24: 8192 | B24: =Compress!E27 -> 45406 | C24: =Compress!Q27 -> 131451 | D24: =Compress!R27 -> 2177441 | E24: =C24/D24 -> 0.060369489
A25: 12288 | B25: =Compress!E34 -> 62326 | C25: =Compress!Q34 -> 164240 | D25: =Compress!R34 -> 3227472.3 | E25: =C25/D25 -> 0.05088812
A26: 16384 | B26: =Compress!E41 -> 80258.667 | C26: =Compress!Q41 -> 185558.67 | D26: =Compress!R41 -> 4285914.7 | E26: =C26/D26 -> 0.043294998
A28: Optimization | B28: HBFDP_SHA1
A29: Ram | B29: Total-Time | C29: Total-Fake-Dirty-Pages | D29: Total-Transferred-Page-Count | E29: FD Percentage
A30: 1024 | B30: =HBFDP_SHA1!E6 -> 9920.3333 | C30: =HBFDP_SHA1!Q6 -> 22806.333 | D30: =HBFDP_SHA1!R6 -> 280989.33 | E30: =C30/(C30+D30) -> 0.075071292
A31: 2048 | B31: =HBFDP_SHA1!E13 -> 20620 | C31: =HBFDP_SHA1!Q13 -> 55412 | D31: =HBFDP_SHA1!R13 -> 572684.67 | E31: =C31/(C31+D31) -> 0.088222089
A32: 4096 | B32: =HBFDP_SHA1!E20 -> 35252.333 | C32: =HBFDP_SHA1!Q20 -> 65187 | D32: =HBFDP_SHA1!R20 -> 1146898 | E32: =C32/(C32+D32) -> 0.053780882
A33: 8192 | B33: =HBFDP_SHA1!E27 -> 52215.333 | C33: =HBFDP_SHA1!Q27 -> 139477.33 | D33: =HBFDP_SHA1!R27 -> 2206718 | E33: =C33/(C33+D33) -> 0.059448304
A34: 12288 | B34: =HBFDP_SHA1!E34 -> 67927.667 | C34: =HBFDP_SHA1!Q34 -> 181700.33 | D34: =HBFDP_SHA1!R34 -> 3270437.3 | E34: =C34/(C34+D34) -> 0.05263415
A35: 16384 | B35: =HBFDP_SHA1!E41 -> 87009.333 | C35: =HBFDP_SHA1!Q41 -> 273227.67 | D35: =HBFDP_SHA1!R41 -> 4347026.7 | E35: =C35/(C35+D35) -> 0.059136932
A37: Optimization | B37: HBFDP_MD5
A38: Ram | B38: Total-Time | C38: Total-Fake-Dirty-Pages | D38: Total-Transferred-Page-Count | E38: FD Percentage
A39: 1024 | B39: =HBFDP_MD5!E6 -> 9754.6667 | C39: =HBFDP_MD5!Q6 -> 20370.667 | D39: =HBFDP_MD5!R6 -> 280295 | E39: =C39/(C39+D39) -> 0.067751888
A40: 2048 | B40: =HBFDP_MD5!E13 -> 20328 | C40: =HBFDP_MD5!Q13 -> 50730 | D40: =HBFDP_MD5!R13 -> 569226.67 | E40: =C40/(C40+D40) -> 0.0818283
A41: 4096 | B41: =HBFDP_MD5!E20 -> 34473.667 | C41: =HBFDP_MD5!Q20 -> 84192.667 | D41: =HBFDP_MD5!R20 -> 1140615.7 | E41: =C41/(C41+D41) -> 0.068739463
A42: 8192 | B42: =HBFDP_MD5!E27 -> 50305.333 | C42: =HBFDP_MD5!Q27 -> 155633.33 | D42: =HBFDP_MD5!R27 -> 2204676 | E42: =C42/(C42+D42) -> 0.065937685
A43: 12288 | B43: =HBFDP_MD5!E34 -> 64813.667 | C43: =HBFDP_MD5!Q34 -> 148972.67 | D43: =HBFDP_MD5!R34 -> 3244051.7 | E43: =C43/(C43+D43) -> 0.04390557
A44: 16384 | B44: =HBFDP_MD5!E41 -> 77484.667 | C44: =HBFDP_MD5!Q41 -> 94311.667 | D44: =HBFDP_MD5!R41 -> 4321348 | E44: =C44/(C44+D44) -> 0.021358455
A46: Optimization | B46: HBFDP_Murmur3
A47: Ram | B47: Total-Time | C47: Total-Fake-Dirty-Pages | D47: Total-Transferred-Page-Count | E47: FD Percentage
A48: 1024 | B48: =HBFDP_Murmur3!E6 -> 9953.6667 | C48: =HBFDP_Murmur3!Q6 -> 22767 | D48: =HBFDP_Murmur3!R6 -> 281891 | E48: =C48/(C48+D48) -> 0.074729697
A49: 2048 | B49: =HBFDP_Murmur3!E13 -> 20744.333 | C49: =HBFDP_Murmur3!Q13 -> 51510 | D49: =HBFDP_Murmur3!R13 -> 573110.33 | E49: =C49/(C49+D49) -> 0.082466095
A50: 4096 | B50: =HBFDP_Murmur3!E20 -> 34709.667 | C50: =HBFDP_Murmur3!Q20 -> 53151 | D50: =HBFDP_Murmur3!R20 -> 1145558.7 | E50: =C50/(C50+D50) -> 0.044340178
A51: 8192 | B51: =HBFDP_Murmur3!E27 -> 51152.333 | C51: =HBFDP_Murmur3!Q27 -> 171172.33 | D51: =HBFDP_Murmur3!R27 -> 2204566.3 | E51: =C51/(C51+D51) -> 0.072050153
A52: 12288 | B52: =HBFDP_Murmur3!E34 -> 67549.667 | C52: =HBFDP_Murmur3!Q34 -> 129685.33 | D52: =HBFDP_Murmur3!R34 -> 3269505 | E52: =C52/(C52+D52) -> 0.03815183
A53: 16384 | B53: =HBFDP_Murmur3!E41 -> 85073.667 | C53: =HBFDP_Murmur3!Q41 -> 232937.67 | D53: =HBFDP_Murmur3!R41 -> 4321247.3 | E53: =C53/(C53+D53) -> 0.051148047
A55: Optimization | B55: XBZRLE_HBFDP_SHA1
A56: Ram | B56: Total-Time | C56: Total-Fake-Dirty-Pages | D56: Total-Transferred-Page-Count | E56: FD Percentage
A57: 1024 | B57: =XBZRLE_HBFDP_SHA1!E6 -> 10281.667 | C57: =XBZRLE_HBFDP_SHA1!Q6 -> 24383.667 | D57: =XBZRLE_HBFDP_SHA1!R6 -> 283771.67 | E57: =C57/(C57+D57) -> 0.079127842
A58: 2048 | B58: =XBZRLE_HBFDP_SHA1!E13 -> 20172 | C58: =XBZRLE_HBFDP_SHA1!Q13 -> 50557.667 | D58: =XBZRLE_HBFDP_SHA1!R13 -> 565419 | E58: =C58/(C58+D58) -> 0.082077243
A59: 4096 | B59: =XBZRLE_HBFDP_SHA1!E20 -> 36036 | C59: =XBZRLE_HBFDP_SHA1!Q20 -> 95525.667 | D59: =XBZRLE_HBFDP_SHA1!R20 -> 1143215 | E59: =C59/(C59+D59) -> 0.077115145
A60: 8192 | B60: =XBZRLE_HBFDP_SHA1!E27 -> 52695.333 | C60: =XBZRLE_HBFDP_SHA1!Q27 -> 168198 | D60: =XBZRLE_HBFDP_SHA1!R27 -> 2203081.7 | E60: =C60/(C60+D60) -> 0.070931321
A61: 12288 | B61: =XBZRLE_HBFDP_SHA1!E34 -> 69400 | C61: =XBZRLE_HBFDP_SHA1!Q34 -> 198785.33 | D61: =XBZRLE_HBFDP_SHA1!R34 -> 3282093.7 | E61: =C61/(C61+D61) -> 0.057107798
A62: 16384 | B62: =XBZRLE_HBFDP_SHA1!E41 -> 86900.667 | C62: =XBZRLE_HBFDP_SHA1!Q41 -> 226706.67 | D62: =XBZRLE_HBFDP_SHA1!R41 -> 4364478.3 | E62: =C62/(C62+D62) -> 0.049378683
A64: Optimization | B64: XBZRLE_HBFDP_MD5
A65: Ram | B65: Total-Time | C65: Total-Fake-Dirty-Pages | D65: Total-Transferred-Page-Count | E65: FD Percentage
A66: 1024 | B66: =XBZRLE_HBFDP_MD5!E6 -> 10359 | C66: =XBZRLE_HBFDP_MD5!Q6 -> 26331.667 | D66: =XBZRLE_HBFDP_MD5!R6 -> 287548.67 | E66: =C66/(C66+D66) -> 0.083890782
A67: 2048 | B67: =XBZRLE_HBFDP_MD5!E13 -> 20179.333 | C67: =XBZRLE_HBFDP_MD5!Q13 -> 49794 | D67: =XBZRLE_HBFDP_MD5!R13 -> 562547.67 | E67: =C67/(C67+D67) -> 0.081317347
A68: 4096 | B68: =XBZRLE_HBFDP_MD5!E20 -> 34350 | C68: =XBZRLE_HBFDP_MD5!Q20 -> 84184.333 | D68: =XBZRLE_HBFDP_MD5!R20 -> 1137235 | E68: =C68/(C68+D68) -> 0.068923367
A69: 8192 | B69: =XBZRLE_HBFDP_MD5!E27 -> 50221.333 | C69: =XBZRLE_HBFDP_MD5!Q27 -> 129490.33 | D69: =XBZRLE_HBFDP_MD5!R27 -> 2197905.3 | E69: =C69/(C69+D69) -> 0.055637439
A70: 12288 | B70: =XBZRLE_HBFDP_MD5!E34 -> 65495 | C70: =XBZRLE_HBFDP_MD5!Q34 -> 168307 | D70: =XBZRLE_HBFDP_MD5!R34 -> 3262834.3 | E70: =C70/(C70+D70) -> 0.049052774
A71: 16384 | B71: =XBZRLE_HBFDP_MD5!E41 -> 83256.667 | C71: =XBZRLE_HBFDP_MD5!Q41 -> 237638.33 | D71: =XBZRLE_HBFDP_MD5!R41 -> 4341754.7 | E71: =C71/(C71+D71) -> 0.051892977
A73: Optimization | B73: XBZRLE_HBFDP_Murmur3
A74: Ram | B74: Total-Time | C74: Total-Fake-Dirty-Pages | D74: Total-Transferred-Page-Count | E74: FD Percentage
A75: 1024 | B75: =XBZRLE_HBFDP_Murmur3!E6 -> 10369.333 | C75: =XBZRLE_HBFDP_Murmur3!Q6 -> 29779 | D75: =XBZRLE_HBFDP_Murmur3!R6 -> 286362.67 | E75: =C75/(C75+D75) -> 0.094195113
A76: 2048 | B76: =XBZRLE_HBFDP_Murmur3!E13 -> 20092.333 | C76: =XBZRLE_HBFDP_Murmur3!Q13 -> 47334.333 | D76: =XBZRLE_HBFDP_Murmur3!R13 -> 558891.33 | E76: =C76/(C76+D76) -> 0.078080385
A77: 4096 | B77: =XBZRLE_HBFDP_Murmur3!E20 -> 36064 | C77: =XBZRLE_HBFDP_Murmur3!Q20 -> 139169.33 | D77: =XBZRLE_HBFDP_Murmur3!R20 -> 1147989.7 | E77: =C77/(C77+D77) -> 0.10812132
A78: 8192 | B78: =XBZRLE_HBFDP_Murmur3!E27 -> 52189.333 | C78: =XBZRLE_HBFDP_Murmur3!Q27 -> 147754.67 | D78: =XBZRLE_HBFDP_Murmur3!R27 -> 2211561 | E78: =C78/(C78+D78) -> 0.062626069
A79: 12288 | B79: =XBZRLE_HBFDP_Murmur3!E34 -> 67614.333 | C79: =XBZRLE_HBFDP_Murmur3!Q34 -> 182837.67 | D79: =XBZRLE_HBFDP_Murmur3!R34 -> 3266296.3 | E79: =C79/(C79+D79) -> 0.053009731
A80: 16384 | B80: =XBZRLE_HBFDP_Murmur3!E41 -> 86403 | C80: =XBZRLE_HBFDP_Murmur3!Q41 -> 207097.67 | D80: =XBZRLE_HBFDP_Murmur3!R41 -> 4339528.3 | E80: =C80/(C80+D80) -> 0.045549748
A82: Optimization | B82: Compress_HBFDP_SHA1
A83: Ram | B83: Total-Time | C83: Total-Fake-Dirty-Pages | D83: Total-Transferred-Page-Count | E83: FD Percentage
A84: 1024 | B84: =Compress_HBFDP_SHA1!E6 -> 6678 | C84: =Compress_HBFDP_SHA1!Q6 -> 16133.667 | D84: =Compress_HBFDP_SHA1!R6 -> 276905.33 | E84: =C84/(C84+D84) -> 0.05505638
A85: 2048 | B85: =Compress_HBFDP_SHA1!E13 -> 14309.333 | C85: =Compress_HBFDP_SHA1!Q13 -> 38258.333 | D85: =Compress_HBFDP_SHA1!R13 -> 561202.67 | E85: =C85/(C85+D85) -> 0.063821222
A86: 4096 | B86: =Compress_HBFDP_SHA1!E20 -> 25769.333 | C86: =Compress_HBFDP_SHA1!Q20 -> 113404.67 | D86: =Compress_HBFDP_SHA1!R20 -> 1109956.7 | E86: =C86/(C86+D86) -> 0.092699241
A87: 8192 | B87: =Compress_HBFDP_SHA1!E27 -> 43412.333 | C87: =Compress_HBFDP_SHA1!Q27 -> 157243.67 | D87: =Compress_HBFDP_SHA1!R27 -> 2174877 | E87: =C87/(C87+D87) -> 0.067425185
A88: 12288 | B88: =Compress_HBFDP_SHA1!E34 -> 62007.667 | C88: =Compress_HBFDP_SHA1!Q34 -> 150246 | D88: =Compress_HBFDP_SHA1!R34 -> 3232311.3 | E88: =C88/(C88+D88) -> 0.044417872
A89: 16384 | B89: =Compress_HBFDP_SHA1!E41 -> 80147.333 | C89: =Compress_HBFDP_SHA1!Q41 -> 200302.67 | D89: =Compress_HBFDP_SHA1!R41 -> 4297195.7 | E89: =C89/(C89+D89) -> 0.044536463
A91: Optimization | B91: Compress_HBFDP_MD5
A92: Ram | B92: Total-Time | C92: Total-Fake-Dirty-Pages | D92: Total-Transferred-Page-Count | E92: FD Percentage
A93: 1024 | B93: =Compress_HBFDP_MD5!E6 -> 6360 | C93: =Compress_HBFDP_MD5!Q6 -> 15483.333 | D93: =Compress_HBFDP_MD5!R6 -> 276959.67 | E93: =C93/(C93+D93) -> 0.05294479
A94: 2048 | B94: =Compress_HBFDP_MD5!E13 -> 13720 | C94: =Compress_HBFDP_MD5!Q13 -> 30778 | D94: =Compress_HBFDP_MD5!R13 -> 553749 | E94: =C94/(C94+D94) -> 0.052654539
A95: 4096 | B95: =Compress_HBFDP_MD5!E20 -> 24269.667 | C95: =Compress_HBFDP_MD5!Q20 -> 96876.667 | D95: =Compress_HBFDP_MD5!R20 -> 1099469.3 | E95: =C95/(C95+D95) -> 0.080977131
A96: 8192 | B96: =Compress_HBFDP_MD5!E27 -> 41654 | C96: =Compress_HBFDP_MD5!Q27 -> 97174.667 | D96: =Compress_HBFDP_MD5!R27 -> 2164311 | E96: =C96/(C96+D96) -> 0.042969393
A97: 12288 | B97: =Compress_HBFDP_MD5!E34 -> 57837.667 | C97: =Compress_HBFDP_MD5!Q34 -> 137042 | D97: =Compress_HBFDP_MD5!R34 -> 3220752.3 | E97: =C97/(C97+D97) -> 0.040813101
A98: 16384 | B98: =Compress_HBFDP_MD5!E41 -> 76345.667 | C98: =Compress_HBFDP_MD5!Q41 -> 169075 | D98: =Compress_HBFDP_MD5!R41 -> 4292326.7 | E98: =C98/(C98+D98) -> 0.037897283
A100: Optimization | B100: Compress_HBFDP_Murmur3
A101: Ram | B101: Total-Time | C101: Total-Fake-Dirty-Pages | D101: Total-Transferred-Page-Count | E101: FD Percentage
A102: 1024 | B102: =Compress_HBFDP_Murmur3!E6 -> 6485 | C102: =Compress_HBFDP_Murmur3!Q6 -> 16897.333 | D102: =Compress_HBFDP_Murmur3!R6 -> 277345.33 | E102: =C102/(C102+D102) -> 0.057426523
A103: 2048 | B103: =Compress_HBFDP_Murmur3!E13 -> 14119.333 | C103: =Compress_HBFDP_Murmur3!Q13 -> 37713.333 | D103: =Compress_HBFDP_Murmur3!R13 -> 556185.67 | E103: =C103/(C103+D103) -> 0.063501258
A104: 4096 | B104: =Compress_HBFDP_Murmur3!E20 -> 24918 | C104: =Compress_HBFDP_Murmur3!Q20 -> 65366 | D104: =Compress_HBFDP_Murmur3!R20 -> 1102997 | E104: =C104/(C104+D104) -> 0.055946654
A105: 8192 | B105: =Compress_HBFDP_Murmur3!E27 -> 44210.667 | C105: =Compress_HBFDP_Murmur3!Q27 -> 114266.33 | D105: =Compress_HBFDP_Murmur3!R27 -> 2164850.3 | E105: =C105/(C105+D105) -> 0.050136237
A106: 12288 | B106: =Compress_HBFDP_Murmur3!E34 -> 60867.333 | C106: =Compress_HBFDP_Murmur3!Q34 -> 121436 | D106: =Compress_HBFDP_Murmur3!R34 -> 3211530 | E106: =C106/(C106+D106) -> 0.036434815
A107: 16384 | B107: =Compress_HBFDP_Murmur3!E41 -> 80220.333 | C107: =Compress_HBFDP_Murmur3!Q41 -> 210727 | D107: =Compress_HBFDP_Murmur3!R41 -> 4302455 | E107: =C107/(C107+D107) -> 0.046691447

Sheet Vanilla
A1: RAM | B1: 1024
A2: Experiment | B2: Iterations | C2: Setup-Time | D2: Downtime | E2: Total-Time | F2: Ram-Total | G2: Ram-Postcopy-Requests | H2: Ram-Dirty-Sync-Count | I2: Ram-Remaining | J2: Ram-Mbps | K2: Ram-Transferred | L2: Ram-Duplicate | M2: Ram-Dirty-Pages-Rate | N2: Ram-Skipped | O2: Ram-Normal-Bytes | P2: Ram-Normal | Q2: Total-Fake-Dirty-Pages | R2: Total-Transferred-Page-Count
A3: 1 | B3: 3 | C3: 2 | D3: 387 | E3: 10551 | F3: 1091379200 | G3: 0 | H3: 5 | I3: 0 | J3: 909.42471 | K3: 1198977769 | L3: 11643 | M3: 0 | N3: 0 | O3: 1196535808 | P3: 292123 | Q3: 21747 | R3: 303766
A4: 2 | B4: 3 | C4: 2 | D4: 78 | E4: 10553 | F4: 1091379200 | G4: 0 | H4: 5 | I4: 0 | J4: 922.92041 | K4: 1217004274 | L4: 9100 | M4: 0 | N4: 0 | O4: 1214550016 | P4: 296521 | Q4: 22461 | R4: 305621
A5: 3 | B5: 3 | C5: 2 | D5: 95 | E5: 10553 | F5: 1091379200 | G5: 0 | H5: 5 | I5: 0 | J5: 913.92339 | K5: 1205138323 | L5: 11693 | M5: 0 | N5: 0 | O5: 1202683904 | P5: 293624 | Q5: 21497 | R5: 305317
A6: Average | B6: =AVERAGE(B3:B5) -> 3 | C6: =AVERAGE(C3:C5) -> 2 | D6: =AVERAGE(D3:D5) -> 186.66667 | E6: =AVERAGE(E3:E5) -> 10552.333 | F6: =AVERAGE(F3:F5) -> 1091379200 | G6: =AVERAGE(G3:G5) -> 0 | H6: =AVERAGE(H3:H5) -> 5 | I6: =AVERAGE(I3:I5) -> 0 | ... R6: =AVERAGE(R3:R5) -> 304901.33
A8: RAM | B8: 2048
A9: Experiment | B9: Iterations | C9: Setup-Time | D9: Downtime | E9: Total-Time | F9: Ram-Total | G9: Ram-Postcopy-Requests | H9: Ram-Dirty-Sync-Count | I9: Ram-Remaining | J9: Ram-Mbps | K9: Ram-Transferred | L9: Ram-Duplicate | M9: Ram-Dirty-Pages-Rate | N9: Ram-Skipped | O9: Ram-Normal-Bytes | P9: Ram-Normal | Q9: Total-Fake-Dirty-Pages | R9: Total-Transferred-Page-Count
A10: 1 | B10: 4 | C10: 2 | D10: 105 | E10: 22722 | F10: 2165121024 | G10: 0 | H10: 6 | I10: 0 | J10: 920.61309 | K10: 2614328777 | L10: 12142 | M10: 0 | N10: 0 | O10: 2609123328 | P10: 636993 | Q10: 59393 | R10: 649135
A11: 2 | B11: 3 | C11: 2 | D11: 224 | E11: 22545 | F11: 2165121024 | G11: 0 | H11: 5 | I11: 0 | J11: 912.78119 | K11: 2571890907 | L11: 12320 | M11: 0 | N11: 0 | O11: 2566766592 | P11: 626652 | Q11: 52337 | R11: 638972
A12: 3 | B12: 3 | C12: 2 | D12: 181 | E12: 22887 | F12: 2165121024 | G12: 0 | H12: 5 | I12: 0 | J12: 913.30447 | K12: 2612409222 | L12: 12267 | M12: 0 | N12: 0 | O12: 2607206400 | P12: 636525 | Q12: 57934 | R12: 648792
A13: Average | B13: =AVERAGE(B10:B12) -> 3.3333333 | C13: =AVERAGE(C10:C12) -> 2 | D13: =AVERAGE(D10:D12) -> 170 | E13: =AVERAGE(E10:E12) -> 22718 | F13: =AVERAGE(F10:F12) -> 2165121024 | G13: =AVERAGE(G10:G12) -> 0 | H13: =AVERAGE(H10:H12) -> 5.3333333 | I13: =AVERAGE(I10:I12) -> 0 | ... R13: =AVERAGE(R10:R12) -> 645633
A15: RAM | B15: 4096
A16: Experiment | B16: Iterations | C16: Setup-Time | D16: Downtime | E16: Total-Time | F16: Ram-Total | G16: Ram-Postcopy-Requests | H16: Ram-Dirty-Sync-Count | I16: Ram-Remaining | J16: Ram-Mbps | K16: Ram-Transferred | L16: Ram-Duplicate | M16: Ram-Dirty-Pages-Rate | N16: Ram-Skipped | O16: Ram-Normal-Bytes | P16: Ram-Normal | Q16: Total-Fake-Dirty-Pages | R16: Total-Transferred-Page-Count
A17: 1 | B17: 5 | C17: 3 | D17: 151 | E17: 40286 | F17: 4312604672 | G17: 0 | H17: 7 | I17: 0 | J17: 833.07345 | K17: 4194624788 | L17: 321030 | M17: 0 | N17: 0 | O17: 4183564288 | P17: 1021378 | Q17: 187643 | R17: 1342408
A18: 2 | B18: 6 | C18: 3 | D18: 134 | E18: 39424 | F18: 4312604672 | G18: 0 | H18: 8 | I18: 0 | J18: 824.21224 | K18: 4061196394 | L18: 352132 | M18: 0 | N18: 0 | O18: 4050116608 | P18: 988798 | Q18: 188061 | R18: 1340930
A19: 3 | B19: 6 | C19: 3 | D19: 152 | E19: 40524 | F19: 4312604672 | G19: 0 | H19: 8 | I19: 0 | J19: 829.13043 | K19: 4199436808 | L19: 327650 | M19: 0 | N19: 0 | O19: 4188307456 | P19: 1022536 | Q19: 192908 | R19: 1350186
A20: Average | B20: =AVERAGE(B17:B19) -> 5.6666667 | C20: =AVERAGE(C17:C19) -> 3 | D20: =AVERAGE(D17:D19) -> 145.66667 | E20: =AVERAGE(E17:E19) -> 40078 | F20: =AVERAGE(F17:F19) -> 4312604672 | G20: =AVERAGE(G17:G19) -> 0 | H20: =AVERAGE(H17:H19) -> 7.6666667 | I20: =AVERAGE(I17:I19) -> 0 | ... R20: =AVERAGE(R17:R19) -> 1344508
A22: RAM | B22: 8192
A23: Experiment | B23: Iterations | C23: Setup-Time | D23: Downtime | E23: Total-Time | F23: Ram-Total | G23: Ram-Postcopy-Requests | H23: Ram-Dirty-Sync-Count | I23: Ram-Remaining | J23: Ram-Mbps | K23: Ram-Transferred | L23: Ram-Duplicate | M23: Ram-Dirty-Pages-Rate | N23: Ram-Skipped | O23: Ram-Normal-Bytes | P23: Ram-Normal | Q23: Total-Fake-Dirty-Pages | R23: Total-Transferred-Page-Count
A24: 1 | B24: 6 | C24: 5 | D24: 142 | E24: 56752 | F24: 8607571968 | G24: 0 | H24: 8 | I24: 0 | J24: 663.19564 | K24: 4704082911 | L24: 1340172 | M24: 0 | N24: 0 | O24: 4682874880 | P24: 1143280 | Q24: 260673 | R24: 2483452
A25: 2 | B25: 5 | C25: 4 | D25: 158 | E25: 56022 | F25: 8607571968 | G25: 0 | H25: 7 | I25: 0 | J25: 632.85634 | K25: 4431205871 | L25: 1348609 | M25: 0 | N25: 0 | O25: 4410454016 | P25: 1076771 | Q25: 192787 | R25: 2425380
A26: 3 | B26: 5 | C26: 4 | D26: 176 | E26: 56522 | F26: 8607571968 | G26: 0 | H26: 7 | I26: 0 | J26: 655.97161 | K26: 4634062991 | L26: 1215969 | M26: 0 | N26: 0 | O26: 4614107136 | P26: 1126491 | Q26: 108211 | R26: 2342460
A27: Average | B27: =AVERAGE(B24:B26) -> 5.3333333 | C27: =AVERAGE(C24:C26) -> 4.3333333 | D27: =AVERAGE(D24:D26) -> 158.66667 | E27: =AVERAGE(E24:E26) -> 56432 | F27: =AVERAGE(F24:F26) -> 8607571968 | G27: =AVERAGE(G24:G26) -> 0 | H27: =AVERAGE(H24:H26) -> 7.3333333 | I27: =AVERAGE(I24:I26) -> 0 | ... R27: =AVERAGE(R24:R26) -> 2417097.3
A29: RAM | B29: 12288
A30: Experiment | B30: Iterations | C30: Setup-Time | D30: Downtime | E30: Total-Time | F30: Ram-Total | G30: Ram-Postcopy-Requests | H30: Ram-Dirty-Sync-Count | I30: Ram-Remaining | J30: Ram-Mbps | K30: Ram-Transferred | L30: Ram-Duplicate | M30: Ram-Dirty-Pages-Rate | N30: Ram-Skipped | O30: Ram-Normal-Bytes | P30: Ram-Normal | Q30: Total-Fake-Dirty-Pages | R30: Total-Transferred-Page-Count
A31: 1 | B31: 8 | C31: 6 | D31: 176 | E31: 75352 | F31: 12902539264 | G31: 0 | H31: 10 | I31: 0 | J31: 609.73575 | K31: 5742431188 | L31: 2258937 | M31: 0 | N31: 0 | O31: 5710946304 | P31: 1394274 | Q31: 349565 | R31: 3653211
A32: 2 | B32: 7 | C32: 7 | D32: 166 | E32: 75646 | F32: 12902539264 | G32: 0 | H32: 9 | I32: 0 | J32: 539.72665 | K32: 5102835567 | L32: 2331497 | M32: 0 | N32: 0 | O32: 5071945728 | P32: 1238268 | Q32: 272586 | R32: 3569765
A33: 3 | B33: 6 | C33: 6 | D33: 190 | E33: 75964 | F33: 12902539264 | G33: 0 | H33: 8 | I33: 0 | J33: 556.40401 | K33: 5282704474 | L33: 2281660 | M33: 0 | N33: 0 | O33: 5251911680 | P33: 1282205 | Q33: 275045 | R33: 3563865
A34: Average | B34: =AVERAGE(B31:B33) -> 7 | C34: =AVERAGE(C31:C33) -> 6.3333333 | D34: =AVERAGE(D31:D33) -> 177.33333 | E34: =AVERAGE(E31:E33) -> 75654 | F34: =AVERAGE(F31:F33) -> 12902539264 | G34: =AVERAGE(G31:G33) -> 0 | H34: =AVERAGE(H31:H33) -> 9 | I34: =AVERAGE(I31:I33) -> 0 | ... R34: =AVERAGE(R31:R33) -> 3595613.7
A36: RAM | B36: 16384
A37: Experiment | B37: Iterations | C37: Setup-Time | D37: Downtime | E37: Total-Time | F37: Ram-Total | G37: Ram-Postcopy-Requests | H37: Ram-Dirty-Sync-Count | I37: Ram-Remaining | J37: Ram-Mbps | K37: Ram-Transferred | L37: Ram-Duplicate | M37: Ram-Dirty-Pages-Rate | N37: Ram-Skipped | O37: Ram-Normal-Bytes | P37: Ram-Normal | Q37: Total-Fake-Dirty-Pages | R37: Total-Transferred-Page-Count
A38: 1 | B38: 8 | C38: 8 | D38: 172 | E38: 89990 | F38: 17197506560 | G38: 0 | H38: 10 | I38: 0 | J38: 522.6196 | K38: 5878082039 | L38: 3302873 | M38: 0 | N38: 0 | O38: 5836955648 | P38: 1425038 | Q38: 364805 | R38: 4727911
A39: 2 | B39: 8 | C39: 8 | D39: 136 | E39: 88197 | F39: 17197506560 | G39: 0 | H39: 10 | I39: 0 | J39: 527.13877 | K39: 5810767558 | L39: 3309635 | M39: 0 | N39: 0 | O39: 5769711616 | P39: 1408621 | Q39: 358054 | R39: 4718256
A40: 3 | B40: 9 | C40: 8 | D40: 144 | E40: 88528 | F40: 17197506560 | G40: 0 | H40: 11 | I40: 0 | J40: 543.27992 | K40: 6011179762 | L40: 3299780 | M40: 0 | N40: 0 | O40: 5969821696 | P40: 1457476 | Q40: 385727 | R40: 4757256
A41: Average | B41: =AVERAGE(B38:B40) -> 8.3333333 | C41: =AVERAGE(C38:C40) -> 8 | D41: =AVERAGE(D38:D40) -> 150.66667 | E41: =AVERAGE(E38:E40) -> 88905 | F41: =AVERAGE(F38:F40) -> 17197506560 | G41: =AVERAGE(G38:G40) -> 0 | H41: =AVERAGE(H38:H40) -> 10.333333 | I41: =AVERAGE(I38:I40) -> 0 | ... R41: =AVERAGE(R38:R40) -> 4734474.3

Sheet XBZRLE
A1: RAM | B1: 1024
A2: Experiment | B2: Iterations | C2: Setup-Time | D2: Downtime | E2: Total-Time | F2: Ram-Total | G2: Ram-Postcopy-Requests | H2: Ram-Dirty-Sync-Count | I2: Ram-Remaining | J2: Ram-Mbps | K2: Ram-Transferred | L2: Ram-Duplicate | M2: Ram-Dirty-Pages-Rate | N2: Ram-Skipped | O2: Ram-Normal-Bytes | P2: Ram-Normal | Q2: Total-Fake-Dirty-Pages | R2: Total-Transferred-Page-Count
A3: 1 | B3: 3 | C3: 15 | D3: 63 | E3: 10204 | F3: 1091379200 | G3: 0 | H3: 5 | I3: 0 | J3: 933.34028 | K3: 1188513127 | L3: 9632 | M3: 0 | N3: 0 | O3: 1185513472 | P3: 289432 | Q3: 21215 | R3: 301418
A4: 2 | B4: 2 | C4: 15 | D4: 98 | E4: 10246 | F4: 1091379200 | G4: 0 | H4: 4 | I4: 0 | J4: 914.25041 | K4: 1168999640 | L4: 11986 | M4: 0 | N4: 0 | O4: 1166209024 | P4: 284719 | Q4: 21655 | R4: 298090
A5: 3 | B5: 3 | C5: 15 | D5: 19 | E5: 10248 | F5: 1091379200 | G5: 0 | H5: 5 | I5: 0 | J5: 921.74882 | K5: 1178819572 | L5: 11724 | M5: 0 | N5: 0 | O5: 1175801856 | P5: 287061 | Q5: 22079 | R5: 300919
A6: Average | B6: =AVERAGE(B3:B5) -> 2.6666667 | C6: =AVERAGE(C3:C5) -> 15 | D6: =AVERAGE(D3:D5) -> 60 | E6: =AVERAGE(E3:E5) -> 10232.667 | F6: =AVERAGE(F3:F5) -> 1091379200 | G6: =AVERAGE(G3:G5) -> 0 | H6: =AVERAGE(H3:H5) -> 4.6666667 | I6: =AVERAGE(I3:I5) -> 0 | ... R6: =AVERAGE(R3:R5) -> 300142.33
A8: RAM | B8: 2048
A9: Experiment | B9: Iterations | C9: Setup-Time | D9: Downtime | E9: Total-Time | F9: Ram-Total | G9: Ram-Postcopy-Requests | H9: Ram-Dirty-Sync-Count | I9: Ram-Remaining | J9: Ram-Mbps | K9: Ram-Transferred | L9: Ram-Duplicate | M9: Ram-Dirty-Pages-Rate | N9: Ram-Skipped | O9: Ram-Normal-Bytes | P9: Ram-Normal | Q9: Total-Fake-Dirty-Pages | R9: Total-Transferred-Page-Count
A10: 1 | B10: 3 | C10: 18 | D10: 43 | E10: 21069 | F10: 2165121024 | G10: 0 | H10: 5 | I10: 0 | J10: 906.24983 | K10: 2384470754 | L10: 12582 | M10: 0 | N10: 0 | O10: 2379038720 | P10: 580820 | Q10: 36359 | R10: 596603
A11: 2 | B11: 3 | C11: 19 | D11: 61 | E11: 21234 | F11: 2165121024 | G11: 0 | H11: 5 | I11: 0 | J11: 888.47452 | K11: 2355910977 | L11: 11818 | M11: 0 | N11: 0 | O11: 2349993984 | P11: 573729 | Q11: 33368 | R11: 588618
A12: 3 | B12: 3 | C12: 19 | D12: 42 | E12: 21082 | F12: 2165121024 | G12: 0 | H12: 5 | I12: 0 | J12: 912.28049 | K12: 2401708121 | L12: 12345 | M12: 0 | N12: 0 | O12: 2396110848 | P12: 584988 | Q12: 43798 | R12: 600523
A13: Average | B13: =AVERAGE(B10:B12) -> 3 | C13: =AVERAGE(C10:C12) -> 18.666667 | D13: =AVERAGE(D10:D12) -> 48.666667 | E13: =AVERAGE(E10:E12) -> 21128.333 | F13: =AVERAGE(F10:F12) -> 2165121024 | G13: =AVERAGE(G10:G12) -> 0 | H13: =AVERAGE(H10:H12) -> 5 | I13: =AVERAGE(I10:I12) -> 0 | ... R13: =AVERAGE(R10:R12) -> 595248
A15: RAM | B15: 4096
A16: Experiment | B16: Iterations | C16: Setup-Time | D16: Downtime | E16: Total-Time | F16: Ram-Total | G16: Ram-Postcopy-Requests | H16: Ram-Dirty-Sync-Count | I16: Ram-Remaining | J16: Ram-Mbps | K16: Ram-Transferred | L16: Ram-Duplicate | M16: Ram-Dirty-Pages-Rate | N16: Ram-Skipped | O16: Ram-Normal-Bytes | P16: Ram-Normal | Q16: Total-Fake-Dirty-Pages | R16: Total-Transferred-Page-Count
A17: 1 | B17: 5 | C17: 20 | D17: 78 | E17: 37903 | F17: 4312604672 | G17: 0 | H17: 7 | I17: 0 | J17: 815.5504 | K17: 3861724521 | L17: 359208 | M17: 0 | N17: 0 | O17: 3847860224 | P17: 939419 | Q17: 173341 | R17: 1311172
A18: 2 | B18: 5 | C18: 19 | D18: 71 | E18: 38211 | F18: 4312604672 | G18: 0 | H18: 7 | I18: 0 | J18: 819.78294 | K18: 3913431333 | L18: 345530 | M18: 0 | N18: 0 | O18: 3899621376 | P18: 952056 | Q18: 176491 | R18: 1310144
A19: 3 | B19: 5 | C19: 22 | D19: 98 | E19: 38201 | F19: 4312604672 | G19: 0 | H19: 7 | I19: 0 | J19: 822.22095 | K19: 3923734289 | L19: 341687 | M19: 0 | N19: 0 | O19: 3908337664 | P19: 954184 | Q19: 165307 | R19: 1308811
A20: Average | B20: =AVERAGE(B17:B19) -> 5 | C20: =AVERAGE(C17:C19) -> 20.333333 | D20: =AVERAGE(D17:D19) -> 82.333333 | E20: =AVERAGE(E17:E19) -> 38105 | F20: =AVERAGE(F17:F19) -> 4312604672 | G20: =AVERAGE(G17:G19) -> 0 | H20: =AVERAGE(H17:H19) -> 7 | I20: =AVERAGE(I17:I19) -> 0 | ... R20: =AVERAGE(R17:R19) -> 1310042.3
A22: RAM | B22: 8192
A23: Experiment | B23: Iterations | C23: Setup-Time | D23: Downtime | E23: Total-Time | F23: Ram-Total | G23: Ram-Postcopy-Requests | H23: Ram-Dirty-Sync-Count | I23: Ram-Remaining | J23: Ram-Mbps | K23: Ram-Transferred | L23: Ram-Duplicate | M23: Ram-Dirty-Pages-Rate | N23: Ram-Skipped | O23: Ram-Normal-Bytes | P23: Ram-Normal | Q23: Total-Fake-Dirty-Pages | R23: Total-Transferred-Page-Count
A24: 1 | B24: 5 | C24: 22 | D24: 79 | E24: 55404 | F24: 8607571968 | G24: 0 | H24: 7 | I24: 0 | J24: 632.16529 | K24: 4376109854 | L24: 1420646 | M24: 0 | N24: 0 | O24: 4351877120 | P24: 1062470 | Q24: 120525 | R24: 2492424
A25: 2 | B25: 5 | C25: 20 | D25: 66 | E25: 55891 | F25: 8607571968 | G25: 0 | H25: 7 | I25: 0 | J25: 628.67049 | K25: 4390343680 | L25: 1331691 | M25: 0 | N25: 0 | O25: 4365639680 | P25: 1065830 | Q25: 212981 | R25: 2408168
A26: 3 | B26: 5 | C26: 21 | D26: 95 | E26: 55864 | F26: 8607571968 | G26: 0 | H26: 7 | I26: 0 | J26: 644.46113 | K26: 4498367920 | L26: 1336563 | M26: 0 | N26: 0 | O26: 4473425920 | P26: 1092145 | Q26: 235533 | R26: 2440125
A27: Average | B27: =AVERAGE(B24:B26) -> 5 | C27: =AVERAGE(C24:C26) -> 21 | D27: =AVERAGE(D24:D26) -> 80 | E27: =AVERAGE(E24:E26) -> 55719.667 | F27: =AVERAGE(F24:F26) -> 8607571968 | G27: =AVERAGE(G24:G26) -> 0 | H27: =AVERAGE(H24:H26) -> 7 | I27: =AVERAGE(I24:I26) -> 0 | ... R27: =AVERAGE(R24:R26) -> 2446905.7
A29: RAM | B29: 12288
A30: Experiment | B30: Iterations | C30: Setup-Time | D30: Downtime | E30: Total-Time | F30: Ram-Total | G30: Ram-Postcopy-Requests | H30: Ram-Dirty-Sync-Count | I30: Ram-Remaining | J30: Ram-Mbps | K30: Ram-Transferred | L30: Ram-Duplicate | M30: Ram-Dirty-Pages-Rate | N30: Ram-Skipped | O30: Ram-Normal-Bytes | P30: Ram-Normal | Q30: Total-Fake-Dirty-Pages | R30: Total-Transferred-Page-Count
A31: 1 | B31: 5 | C31: 23 | D31: 82 | E31: 72226 | F31: 12902539264 | G31: 0 | H31: 7 | I31: 0 | J31: 520.10142 | K31: 4693897882 | L31: 2330574 | M31: 0 | N31: 0 | O31: 4659732480 | P31: 1137630 | Q31: 227418 | R31: 3481648
A32: 2 | B32: 6 | C32: 22 | D32: 84 | E32: 73579 | F32: 12902539264 | G32: 0 | H32: 8 | I32: 0 | J32: 550.71874 | K32: 5063439792 | L32: 2292422 | M32: 0 | N32: 0 | O32: 5028507648 | P32: 1227663 | Q32: 273919 | R32: 3535354
A33: 3 | B33: 6 | C33: 24 | D33: 84 | E33: 73985 | F33: 12902539264 | G33: 0 | H33: 8 | I33: 0 | J33: 556.1825 | K33: 5141764251 | L33: 2295798 | M33: 0 | N33: 0 | O33: 5106253824 | P33: 1246644 | Q33: 307024 | R33: 3559273
A34: Average | B34: =AVERAGE(B31:B33) -> 5.6666667 | C34: =AVERAGE(C31:C33) -> 23 | D34: =AVERAGE(D31:D33) -> 83.333333 | E34: =AVERAGE(E31:E33) -> 73263.333 | F34: =AVERAGE(F31:F33) -> 12902539264 | G34: =AVERAGE(G31:G33) -> 0 | H34: =AVERAGE(H31:H33) -> 7.6666667 | I34: =AVERAGE(I31:I33) -> 0 | ... R34: =AVERAGE(R31:R33) -> 3525425
A36: RAM | B36: 16384
A37: Experiment | B37: Iterations | C37: Setup-Time | D37: Downtime | E37: Total-Time | F37: Ram-Total | G37: Ram-Postcopy-Requests | H37: Ram-Dirty-Sync-Count | I37: Ram-Remaining | J37: Ram-Mbps | K37: Ram-Transferred | L37: Ram-Duplicate | M37: Ram-Dirty-Pages-Rate | N37: Ram-Skipped | O37: Ram-Normal-Bytes | P37: Ram-Normal | Q37: Total-Fake-Dirty-Pages | R37: Total-Transferred-Page-Count
A38: 1 | B38: 25 | C38: 24 | D38: 82 | E38: 88545 | F38: 17197506560 | G38: 0 | H38: 27 | I38: 0 | J38: 502.72829 | K38: 5562538157 | L38: 3318150 | M38: 0 | N38: 0 | O38: 5479464960 | P38: 1337760 | Q38: 354969 | R38: 4704550
A39: 2 | B39: 6 | C39: 26 | D39: 89 | E39: 88419 | F39: 17197506560 | G39: 0 | H39: 8 | I39: 0 | J39: 452.16592 | K39: 4995825033 | L39: 3331712 | M39: 0 | N39: 0 | O39: 4950327296 | P39: 1208576 | Q39: 237175 | R39: 4555487
A40: 3 | B40: 8 | C40: 23 | D40: 79 | E40: 87581 | F40: 17197506560 | G40: 0 | H40: 10 | I40: 0 | J40: 509.69125 | K40: 5578230838 | L40: 3258109 | M40: 0 | N40: 0 | O40: 5530202112 | P40: 1350147 | Q40: 303554 | R40: 4626837
A41: Average | B41: =AVERAGE(B38:B40) -> 13 | C41: =AVERAGE(C38:C40) -> 24.333333 | D41: =AVERAGE(D38:D40) -> 83.333333 | E41: =AVERAGE(E38:E40) -> 88181.667 | F41: =AVERAGE(F38:F40) -> 17197506560 | G41: =AVERAGE(G38:G40) -> 0 | H41: =AVERAGE(H38:H40) -> 15 | I41: =AVERAGE(I38:I40) -> 0 | ... R41: =AVERAGE(R38:R40) -> 4628958

Sheet Compress
A1: RAM | B1: 1024
A2: Experiment | B2: Iterations | C2: Setup-Time | D2: Downtime | E2: Total-Time | F2: Ram-Total | G2: Ram-Postcopy-Requests | H2: Ram-Dirty-Sync-Count | I2: Ram-Remaining | J2: Ram-Mbps | K2: Ram-Transferred | L2: Ram-Duplicate | M2: Ram-Dirty-Pages-Rate | N2: Ram-Skipped | O2: Ram-Normal-Bytes | P2: Ram-Normal | Q2: Total-Fake-Dirty-Pages | R2: Total-Transferred-Page-Count
A3: 1 | B3: 3 | C3: 2 | D3: 557 | E3: 7131 | F3: 1091379200 | G3: 0 | H3: 5 | I3: 0 | J3: 805.89981 | K3: 717945240 | L3: 11321 | M3: 0 | N3: 0 | O3: 32768 | P3: 8 | Q3: 17145 | R3: 276081
A4: 2 | B4: 2 | C4: 2 | D4: 528 | E4: 7174 | F4: 1091379200 | G4: 0 | H4: 4 | I4: 0 | J4: 823.05919 | K4: 737660204 | L4: 11436 | M4: 0 | N4: 0 | O4: 32768 | P4: 8 | Q4: 24403 | R4: 290846
A5: 3 | B5: 2 | C5: 3 | D5: 116 | E5: 7137 | F5: 1091379200 | G5: 0 | H5: 4 | I5: 0 | J5: 807.98691 | K5: 720309968 | L5: 11566 | M5: 0 | N5: 0 | O5: 32768 | P5: 8 | Q5: 26727 | R5: 292486
A6: Average | B6: =AVERAGE(B3:B5) -> 2.3333333 | C6: =AVERAGE(C3:C5) -> 2.3333333 | D6: =AVERAGE(D3:D5) -> 400.33333 | E6: =AVERAGE(E3:E5) -> 7147.3333 | F6: =AVERAGE(F3:F5) -> 1091379200 | G6: =AVERAGE(G3:G5) -> 0 | H6: =AVERAGE(H3:H5) -> 4.3333333 | I6: =AVERAGE(I3:I5) -> 0 | ... R6: =AVERAGE(R3:R5) -> 286471
A8: RAM | B8: 2048
A9: Experiment | B9: Iterations | C9: Setup-Time | D9: Downtime | E9: Total-Time | F9: Ram-Total | G9: Ram-Postcopy-Requests | H9: Ram-Dirty-Sync-Count | I9: Ram-Remaining | J9: Ram-Mbps | K9: Ram-Transferred | L9: Ram-Duplicate | M9: Ram-Dirty-Pages-Rate | N9: Ram-Skipped | O9: Ram-Normal-Bytes | P9: Ram-Normal | Q9: Total-Fake-Dirty-Pages | R9: Total-Transferred-Page-Count
A10: 1 | B10: 3 | C10: 3 | D10: 53 | E10: 15187 | F10: 2165121024 | G10: 0 | H10: 5 | I10: 0 | J10: 852.30914 | K10: 1617470369 | L10: 12242 | M10: 0 | N10: 0 | O10: 28672 | P10: 7 | Q10: 55605 | R10: 561669
A11: 2 | B11: 3 | C11: 3 | D11: 1001 | E11: 15270 | F11: 2165121024 | G11: 0 | H11: 5 | I11: 0 | J11: 843.7759 | K11: 1610028451 | L11: 11430 | M11: 0 | N11: 0 | O11: 32768 | P11: 8 | Q11: 46238 | R11: 559489
A12: 3 | B12: 3 | C12: 3 | D12: 1068 | E12: 15141 | F12: 2165121024 | G12: 0 | H12: 5 | I12: 0 | J12: 837.69587 | K12: 1584917618 | L12: 12409 | M12: 0 | N12: 0 | O12: 32768 | P12: 8 | Q12: 46970 | R12: 561247
A13: Average | B13: =AVERAGE(B10:B12) -> 3 | C13: =AVERAGE(C10:C12) -> 3 | D13: =AVERAGE(D10:D12) -> 707.33333 | E13: =AVERAGE(E10:E12) -> 15199.333 | F13: =AVERAGE(F10:F12) -> 2165121024 | G13: =AVERAGE(G10:G12) -> 0 | H13: =AVERAGE(H10:H12) -> 5 | I13: =AVERAGE(I10:I12) -> 0 | ... R13: =AVERAGE(R10:R12) -> 560801.67
A15: RAM | B15: 4096
A16: Experiment | B16: Iterations | C16: Setup-Time | D16: Downtime | E16: Total-Time | F16: Ram-Total | G16: Ram-Postcopy-Requests | H16: Ram-Dirty-Sync-Count | I16: Ram-Remaining | J16: Ram-Mbps | K16: Ram-Transferred | L16: Ram-Duplicate | M16: Ram-Dirty-Pages-Rate | N16: Ram-Skipped | O16: Ram-Normal-Bytes | P16: Ram-Normal | Q16: Total-Fake-Dirty-Pages | R16: Total-Transferred-Page-Count
A17: 1 | B17: 4 | C17: 3 | D17: 95 | E17: 26009 | F17: 4312604672 | G17: 0 | H17: 6 | I17: 0 | J17: 681.92323 | K17: 2216549531 | L17: 330852 | M17: 0 | N17: 0 | O17: 28672 | P17: 7 | Q17: 104629 | R17: 1116455
A18: 2 | B18: 4 | C18: 4 | D18: 126 | E18: 26270 | F18: 4312604672 | G18: 0 | H18: 6 | I18: 0 | J18: 733.05828 | K18: 2406601193 | L18: 254366 | M18: 0 | N18: 0 | O18: 28672 | P18: 7 | Q18: 101470 | R18: 1110823
A19: 3 | B19: 4 | C19: 3 | D19: 90 | E19: 25723 | F19: 4312604672 | G19: 0 | H19: 6 | I19: 0 | J19: 679.60456 | K19: 2184716252 | L19: 324323 | M19: 0 | N19: 0 | O19: 28672 | P19: 7 | Q19: 90127 | R19: 1132149
A20: Average | B20: =AVERAGE(B17:B19) -> 4 | C20: =AVERAGE(C17:C19) -> 3.3333333 | D20: =AVERAGE(D17:D19) -> 103.66667 | E20: =AVERAGE(E17:E19) -> 26000.667 | F20: =AVERAGE(F17:F19) -> 4312604672 | G20: =AVERAGE(G17:G19) -> 0 | H20: =AVERAGE(H17:H19) -> 6 | I20: =AVERAGE(I17:I19) -> 0 | ... R20: =AVERAGE(R17:R19) -> 1119809
A22: RAM | B22: 8192
A23: Experiment | B23: Iterations | C23: Setup-Time | D23: Downtime | E23: Total-Time | F23: Ram-Total | G23: Ram-Postcopy-Requests | H23: Ram-Dirty-Sync-Count | I23: Ram-Remaining | J23: Ram-Mbps | K23: Ram-Transferred | L23: Ram-Duplicate | M23: Ram-Dirty-Pages-Rate | N23: Ram-Skipped | O23: Ram-Normal-Bytes | P23: Ram-Normal | Q23: Total-Fake-Dirty-Pages | R23: Total-Transferred-Page-Count
A24: 1 | B24: 5 | C24: 4 | D24: 80 | E24: 45437 | F24: 8607571968 | G24: 0 | H24: 7 | I24: 0 | J24: 467.97913 | K24: 2657499564 | L24: 1255198 | M24: 0 | N24: 0 | O24: 32768 | P24: 8 | Q24: 122315 | R24: 2174744
A25: 2 | B25: 4 | C25: 5 | D25: 100 | E25: 45179 | F25: 8607571968 | G25: 0 | H25: 6 | I25: 0 | J25: 463.08061 | K25: 2614687999 | L25: 1299789 | M25: 0 | N25: 0 | O25: 28672 | P25: 7 | Q25: 157804 | R25: 2178371
A26: 3 | B26: 4 | C26: 5 | D26: 100 | E26: 45602 | F26: 8607571968 | G26: 0 | H26: 6 | I26: 0 | J26: 449.53743 | K26: 2561982362 | L26: 1271886 | M26: 0 | N26: 0 | O26: 28672 | P26: 7 | Q26: 114234 | R26: 2179208
A27: Average | B27: =AVERAGE(B24:B26) -> 4.3333333 | C27: =AVERAGE(C24:C26) -> 4.6666667 | D27: =AVERAGE(D24:D26) -> 93.333333 | E27: =AVERAGE(E24:E26) -> 45406 | F27: =AVERAGE(F24:F26) -> 8607571968 | G27: =AVERAGE(G24:G26) -> 0 | H27: =AVERAGE(H24:H26) -> 6.3333333 | I27: =AVERAGE(I24:I26) -> 0 | ... R27: =AVERAGE(R24:R26) -> 2177441
A29: RAM | B29: 12288
A30: Experiment | B30: Iterations | C30: Setup-Time | D30: Downtime | E30: Total-Time | F30: Ram-Total | G30: Ram-Postcopy-Requests | H30: Ram-Dirty-Sync-Count | I30: Ram-Remaining | J30: Ram-Mbps | K30: Ram-Transferred | L30: Ram-Duplicate | M30: Ram-Dirty-Pages-Rate | N30: Ram-Skipped | O30: Ram-Normal-Bytes | P30: Ram-Normal | Q30: Total-Fake-Dirty-Pages | R30: Total-Transferred-Page-Count
A31: 1 | B31: 5 | C31: 7 | D31: 82 | E31: 62299 | F31: 12902539264 | G31: 0 | H31: 7 | I31: 0 | J31: 373.87106 | K31: 2910934596 | L31: 2229434 | M31: 0 | N31: 0 | O31: 28672 | P31: 7 | Q31: 135869 | R31: 3250435
A32: 2 | B32: 5 | C32: 6 | D32: 83 | E32: 62353 | F32: 12902539264 | G32: 0 | H32: 7 | I32: 0 | J32: 357.31464 | K32: 2784474538 | L32: 2318514 | M32: 0 | N32: 0 | O32: 28672 | P32: 7 | Q32: 183402 | R32: 3204363
A33: 3 | B33: 5 | C33: 7 | D33: 53 | E33: 62326 | F33: 12902539264 | G33: 0 | H33: 7 | I33: 0 | J33: 354.91215 | K33: 2764508836 | L33: 2294953 | M33: 0 | N33: 0 | O33: 28672 | P33: 7 | Q33: 173449 | R33: 3227619
A34: Average | B34: =AVERAGE(B31:B33) -> 5 | C34: =AVERAGE(C31:C33) -> 6.6666667 | D34: =AVERAGE(D31:D33) -> 72.666667 | E34: =AVERAGE(E31:E33) -> 62326 | F34: =AVERAGE(F31:F33) -> 12902539264 | G34: =AVERAGE(G31:G33) -> 0 | H34: =AVERAGE(H31:H33) -> 7 | I34: =AVERAGE(I31:I33) -> 0 | ... R34: =AVERAGE(R31:R33) -> 3227472.3
A36: RAM | B36: 16384
A37: Experiment | B37: Iterations | C37: Setup-Time | D37: Downtime | E37: Total-Time | F37: Ram-Total | G37: Ram-Postcopy-Requests | H37: Ram-Dirty-Sync-Count | I37: Ram-Remaining | J37: Ram-Mbps | K37: Ram-Transferred | L37: Ram-Duplicate | M37: Ram-Dirty-Pages-Rate | N37: Ram-Skipped | O37: Ram-Normal-Bytes | P37: Ram-Normal | Q37: Total-Fake-Dirty-Pages | R37: Total-Transferred-Page-Count
A38: 1 | B38: 4 | C38: 8 | D38: 83 | E38: 80370 | F38: 17197506560 | G38: 0 | H38: 6 | I38: 0 | J38: 298.1326 | K38: 2994604139 | L38: 3278109 | M38: 0 | N38: 0 | O38: 28672 | P38: 7 | Q38: 171710 | R38: 4256488
A39: 2 | B39: 5 | C39: 9 | D39: 88 | E39: 80440 | F39: 17197506560 | G39: 0 | H39: 7 | I39: 0 | J39: 307.67555 | K39: 3093119055 | L39: 3273894 | M39: 0 | N39: 0 | O39: 28672 | P39: 7 | Q39: 208802 | R39: 4296522
A40: 3 | B40: 4 | C40: 9 | D40: 197 | E40: 79966 | F40: 17197506560 | G40: 0 | H40: 6 | I40: 0 | J40: 276.6406 | K40: 2764706663 | L40: 3338508 | M40: 0 | N40: 0 | O40: 28672 | P40: 7 | Q40: 176164 | R40: 4304734
A41: Average | B41: =AVERAGE(B38:B40) -> 4.3333333 | C41: =AVERAGE(C38:C40) -> 8.6666667 | D41: =AVERAGE(D38:D40) -> 122.66667 | E41: =AVERAGE(E38:E40) -> 80258.667 | F41: =AVERAGE(F38:F40) -> 17197506560 | G41: =AVERAGE(G38:G40) -> 0 | H41: =AVERAGE(H38:H40) -> 6.3333333 | I41: =AVERAGE(I38:I40) -> 0 | ... R41: =AVERAGE(R38:R40) -> 4285914.7

Sheet HBFDP_SHA1
A1: RAM | B1: 1024
A2: Experiment | B2: Iterations | C2: Setup-Time | D2: Downtime | E2: Total-Time | F2: Ram-Total | G2: Ram-Postcopy-Requests | H2: Ram-Dirty-Sync-Count | I2: Ram-Remaining | J2: Ram-Mbps | K2: Ram-Transferred | L2: Ram-Duplicate | M2: Ram-Dirty-Pages-Rate | N2: Ram-Skipped | O2: Ram-Normal-Bytes | P2: Ram-Normal | Q2: Total-Fake-Dirty-Pages | R2: Total-Transferred-Page-Count
A3: 1 | B3: 2 | C3: 2 | D3: 400 | E3: 10032 | F3: 1091379200 | G3: 0 | H3: 4 | I3: 0 | J3: 886.98837 | K3: 1111849310 | L3: 10216 | M3: 0 | N3: 0 | O3: 1109590016 | P3: 270896 | Q3: 22967 | R3: 281112
A4: 2 | B4: 2 | C4: 1 | D4: 382 | E4: 9970 | F4: 1091379200 | G4: 0 | H4: 4 | I4: 0 | J4: 884.70103 | K4: 1102235708 | L4: 10446 | M4: 0 | N4: 0 | O4: 1099993088 | P4: 268553 | Q4: 21375 | R4: 278999
A5: 3 | B5: 2 | C5: 2 | D5: 87 | E5: 9759 | F5: 1091379200 | G5: 0 | H5: 4 | I5: 0 | J5: 917.71167 | K5: 1119051740 | L5: 10206 | M5: 0 | N5: 0 | O5: 1116778496 | P5: 272651 | Q5: 24077 | R5: 282857
A6: Average | B6: =AVERAGE(B3:B5) -> 2 | C6: =AVERAGE(C3:C5) -> 1.6666667 | D6: =AVERAGE(D3:D5) -> 289.66667 | E6: =AVERAGE(E3:E5) -> 9920.3333 | F6: =AVERAGE(F3:F5) -> 1091379200 | G6: =AVERAGE(G3:G5) -> 0 | H6: =AVERAGE(H3:H5) -> 4 | I6: =AVERAGE(I3:I5) -> 0 | ... R6: =AVERAGE(R3:R5) -> 280989.33
A8: RAM | B8: 2048
A9: Experiment | B9: Iterations | C9: Setup-Time | D9: Downtime | E9: Total-Time | F9: Ram-Total | G9: Ram-Postcopy-Requests | H9: Ram-Dirty-Sync-Count | I9: Ram-Remaining | J9: Ram-Mbps | K9: Ram-Transferred | L9: Ram-Duplicate | M9: Ram-Dirty-Pages-Rate | N9: Ram-Skipped | O9: Ram-Normal-Bytes | P9: Ram-Normal | Q9: Total-Fake-Dirty-Pages | R9: Total-Transferred-Page-Count
A10: 1 | B10: 3 | C10: 2 | D10: 41 | E10: 20616 | F10: 2165121024 | G10: 0 | H10: 5 | I10: 0 | J10: 890.70256 | K10: 2294905429 | L10: 11599 | M10: 0 | N10: 0 | O10: 2290327552 | P10: 559162 | Q10: 59023 | R10: 570761
A11: 2 | B11: 3 | C11: 1 | D11: 41 | E11: 20689 | F11: 2165121024 | G11: 0 | H11: 5 | I11: 0 | J11: 889.58478 | K11: 2300253850 | L11: 12156 | M11: 0 | N11: 0 | O11: 2295660544 | P11: 560464 | Q11: 53302 | R11: 572620
A12: 3 | B12: 3 | C12: 2 | D12: 46 | E12: 20555 | F12: 2165121024 | G12: 0 | H12: 5 | I12: 0 | J12: 897.6666 | K12: 2306005327 | L12: 12809 | M12: 0 | N12: 0 | O12: 2301394944 | P12: 561864 | Q12: 53911 | R12: 574673
A13: Average | B13: =AVERAGE(B10:B12) -> 3 | C13: =AVERAGE(C10:C12) -> 1.6666667 | D13: =AVERAGE(D10:D12) -> 42.666667 | E13: =AVERAGE(E10:E12) -> 20620 | F13: =AVERAGE(F10:F12) -> 2165121024 | G13: =AVERAGE(G10:G12) -> 0 | H13: =AVERAGE(H10:H12) -> 5 | I13: =AVERAGE(I10:I12) -> 0 | ... R13: =AVERAGE(R10:R12) -> 572684.67
A15: RAM | B15: 4096
A16: Experiment | B16: Iterations | C16: Setup-Time | D16: Downtime | E16: Total-Time | F16: Ram-Total | G16: Ram-Postcopy-Requests | H16: Ram-Dirty-Sync-Count | I16: Ram-Remaining | J16: Ram-Mbps | K16: Ram-Transferred | L16: Ram-Duplicate | M16: Ram-Dirty-Pages-Rate | N16: Ram-Skipped | O16: Ram-Normal-Bytes | P16: Ram-Normal | Q16: Total-Fake-Dirty-Pages | R16: Total-Transferred-Page-Count
A17: 1 | B17: 3 | C17: 3 | D17: 124 | E17: 35296 | F17: 4312604672 | G17: 0 | H17: 5 | I17: 0 | J17: 835.79024 | K17: 3686980717 | L17: 248551 | M17: 0 | N17: 0 | O17: 3677560832 | P17: 897842 | Q17: 35785 | R17: 1146393
A18: 2 | B18: 4 | C18: 3 | D18: 72 | E18: 35215 | F18: 4312604672 | G18: 0 | H18: 6 | I18: 0 | J18: 805.56942 | K18: 3545501391 | L18: 285705 | M18: 0 | N18: 0 | O18: 3536023552 | P18: 863287 | Q18: 88455 | R18: 1148992
A19: 3 | B19: 4 | C19: 3 | D19: 73 | E19: 35246 | F19: 4312604672 | G19: 0 | H19: 6 | I19: 0 | J19: 810.08666 | K19: 3568523094 | L19: 276392 | M19: 0 | N19: 0 | O19: 3559084032 | P19: 868917 | Q19: 71321 | R19: 1145309
A20: Average | B20: =AVERAGE(B17:B19) -> 3.6666667 | C20: =AVERAGE(C17:C19) -> 3 | D20: =AVERAGE(D17:D19) -> 89.666667 | E20: =AVERAGE(E17:E19) -> 35252.333 | F20: =AVERAGE(F17:F19) -> 4312604672 | G20: =AVERAGE(G17:G19) -> 0 | H20: =AVERAGE(H17:H19) -> 5.6666667 | I20: =AVERAGE(I17:I19) -> 0 | ... R20: =AVERAGE(R17:R19) -> 1146898
A22: RAM | B22: 8192
A23: Experiment | B23: Iterations | C23: Setup-Time | D23: Downtime | E23: Total-Time | F23: Ram-Total | G23: Ram-Postcopy-Requests | H23: Ram-Dirty-Sync-Count | I23: Ram-Remaining | J23: Ram-Mbps | K23: Ram-Transferred | L23: Ram-Duplicate | M23: Ram-Dirty-Pages-Rate | N23: Ram-Skipped | O23: Ram-Normal-Bytes | P23: Ram-Normal | Q23: Total-Fake-Dirty-Pages | R23: Total-Transferred-Page-Count
A24: 1 | B24: 4 | C24: 5 | D24: 53 | E24: 52017 | F24: 8607571968 | G24: 0 | H24: 6 | I24: 0 | J24: 595.4959 | K24: 3871404173 | L24: 1260178 | M24: 0 | N24: 0 | O24: 3852537856 | P24: 940561 | Q24: 107464 | R24: 2200739
A25: 2 | B25: 4 | C25: 5 | D25: 64 | E25: 52079 | F25: 8607571968 | G25: 0 | H25: 6 | I25: 0 | J25: 587.6714 | K25: 3825087651 | L25: 1280381 | M25: 0 | N25: 0 | O25: 3806130176 | P25: 929231 | Q25: 131874 | R25: 2209612
A26: 3 | B26: 4 | C26: 4 | D26: 72 | E26: 52550 | F26: 8607571968 | G26: 0 | H26: 6 | I26: 0 | J26: 597.76472 | K26: 3926055690 | L26: 1255916 | M26: 0 | N26: 0 | O26: 3907121152 | P26: 953887 | Q26: 179094 | R26: 2209803
A27: Average | B27: =AVERAGE(B24:B26) -> 4 | C27: =AVERAGE(C24:C26) -> 4.6666667 | D27: =AVERAGE(D24:D26) -> 63 | E27: =AVERAGE(E24:E26) -> 52215.333 | F27: =AVERAGE(F24:F26) -> 8607571968 | G27: =AVERAGE(G24:G26) -> 0 | H27: =AVERAGE(H24:H26) -> 6 | I27: =AVERAGE(I24:I26) -> 0 | ... R27: =AVERAGE(R24:R26) -> 2206718
A29: RAM | B29: 12288
A30: Experiment | B30: Iterations | C30: Setup-Time | D30: Downtime | E30: Total-Time | F30: Ram-Total | G30: Ram-Postcopy-Requests | H30: Ram-Dirty-Sync-Count | I30: Ram-Remaining | J30: Ram-Mbps | K30: Ram-Transferred | L30: Ram-Duplicate | M30: Ram-Dirty-Pages-Rate | N30: Ram-Skipped | O30: Ram-Normal-Bytes | P30: Ram-Normal | Q30: Total-Fake-Dirty-Pages | R30: Total-Transferred-Page-Count
A31: 1 | B31: 4 | C31: 6 | D31: 62 | E31: 67833 | F31: 12902539264 | G31: 0 | H31: 6 | I31: 0 | J31: 476.12183 | K31: 4036527009 | L31: 2301507 | M31: 0 | N31: 0 | O31: 4007985152 | P31: 978512 | Q31: 174956 | R31: 3280019
A32: 2 | B32: 4 | C32: 6 | D32: 128 | E32: 67982 | F32: 12902539264 | G32: 0 | H32: 6 | I32: 0 | J32: 471.81576 | K32: 4008806091 | L32: 2289829 | M32: 0 | N32: 0 | O32: 3980423168 | P32: 971783 | Q32: 192561 | R32: 3261612
A33: 3 | B33: 4 | C33: 6 | D33: 66 | E33: 67968 | F33: 12902539264 | G33: 0 | H33: 6 | I33: 0 | J33: 476.18317 | K33: 4045082636 | L33: 2289057 | M33: 0 | N33: 0 | O33: 4016635904 | P33: 980624 | Q33: 177584 | R33: 3269681
A34: Average | B34: =AVERAGE(B31:B33) -> 4 | C34: =AVERAGE(C31:C33) -> 6 | D34: =AVERAGE(D31:D33) -> 85.333333 | E34: =AVERAGE(E31:E33) -> 67927.667 | F34: =AVERAGE(F31:F33) -> 12902539264 | G34: =AVERAGE(G31:G33) -> 0 | H34: =AVERAGE(H31:H33) -> 6 | I34: =AVERAGE(I31:I33) -> 0 | ... R34: =AVERAGE(R31:R33) -> 3270437.3
A36: RAM | B36: 16384
A37: Experiment | B37: Iterations | C37: Setup-Time | D37: Downtime | E37: Total-Time | F37: Ram-Total | G37: Ram-Postcopy-Requests | H37: Ram-Dirty-Sync-Count | I37: Ram-Remaining | J37: Ram-Mbps | K37: Ram-Transferred | L37: Ram-Duplicate | M37: Ram-Dirty-Pages-Rate | N37: Ram-Skipped | O37: Ram-Normal-Bytes | P37: Ram-Normal | Q37: Total-Fake-Dirty-Pages | R37: Total-Transferred-Page-Count
A38: 1 | B38: 5 | C38: 7 | D38: 87 | E38: 86160 | F38: 17197506560 | G38: 0 | H38: 7 | I38: 0 | J38: 420.37984 | K38: 4526910394 | L38: 3243192 | M38: 0 | N38: 0 | O38: 4488953856 | P38: 1095936 | Q38: 233567 | R38: 4339128
A39: 2 | B39: 6 | C39: 7 | D39: 111 | E39: 86994 | F39: 17197506560 | G39: 0 | H39: 8 | I39: 0 | J39: 422.23111 | K39: 4590864753 | L39: 3234719 | M39: 0 | N39: 0 | O39: 4552859648 | P39: 1111538 | Q39: 288288 | R39: 4346257
A40: 3 | B40: 5 | C40: 8 | D40: 102 | E40: 87874 | F40: 17197506560 | G40: 0 | H40: 7 | I40: 0 | J40: 412.53228 | K40: 4530732712 | L40: 3258862 | M40: 0 | N40: 0 | O40: 4492627968 | P40: 1096833 | Q40: 297828 | R40: 4355695
A41: Average | B41: =AVERAGE(B38:B40) -> 5.3333333 | C41: =AVERAGE(C38:C40) -> 7.3333333 | D41: =AVERAGE(D38:D40) -> 100 | E41: =AVERAGE(E38:E40) -> 87009.333 | F41: =AVERAGE(F38:F40) -> 17197506560 | G41: =AVERAGE(G38:G40) -> 0 | H41: =AVERAGE(H38:H40) -> 7.3333333 | I41: =AVERAGE(I38:I40) -> 0 | ... R41: =AVERAGE(R38:R40) -> 4347026.7

Sheet HBFDP_MD5
A1: RAM | B1: 1024
A2: Experiment | B2: Iterations | C2: Setup-Time | D2: Downtime | E2: Total-Time | F2: Ram-Total | G2: Ram-Postcopy-Requests | H2: Ram-Dirty-Sync-Count | I2: Ram-Remaining | J2: Ram-Mbps | K2: Ram-Transferred | L2: Ram-Duplicate | M2: Ram-Dirty-Pages-Rate | N2: Ram-Skipped | O2: Ram-Normal-Bytes | P2: Ram-Normal | Q2: Total-Fake-Dirty-Pages | R2: Total-Transferred-Page-Count
A3: 1 | B3: 2 | C3: 1 | D3: 52 | E3: 9701 | F3: 1091379200 | G3: 0 | H3: 4 | I3: 0 | J3: 907.19885 | K3: 1099766252 | L3: 11942 | M3: 0 | N3: 0 | O3: 1097515008 | P3: 267948 | Q3: 19759 | R3: 279890
A4: 2 | B4: 2 | C4: 1 | D4: 58 | E4: 9772 | F4: 1091379200 | G4: 0 | H4: 4 | I4: 0 | J4: 902.42393 | K4: 1101985670 | L4: 11392 | M4: 0 | N4: 0 | O4: 1099735040 | P4: 268490 | Q4: 19932 | R4: 279882
A5: 3 | B5: 2 | C5: 2 | D5: 70 | E5: 9791 | F5: 1091379200 | G5: 0 | H5: 4 | I5: 0 | J5: 905.86046 | K5: 1108221149 | L5: 11103 | M5: 0 | N5: 0 | O5: 1105960960 | P5: 270010 | Q5: 21421 | R5: 281113
A6: Average | B6: =AVERAGE(B3:B5) -> 2 | C6: =AVERAGE(C3:C5) -> 1.3333333 | D6: =AVERAGE(D3:D5) -> 60 | E6: =AVERAGE(E3:E5) -> 9754.6667 | F6: =AVERAGE(F3:F5) -> 1091379200 | G6: =AVERAGE(G3:G5) -> 0 | H6: =AVERAGE(H3:H5) -> 4 | I6: =AVERAGE(I3:I5) -> 0 | ... R6: =AVERAGE(R3:R5) -> 280295
A8: RAM | B8: 2048
A9: Experiment | B9: Iterations | C9: Setup-Time | D9: Downtime | E9: Total-Time | F9: Ram-Total | G9: Ram-Postcopy-Requests | H9: Ram-Dirty-Sync-Count | I9: Ram-Remaining | J9: Ram-Mbps | K9: Ram-Transferred | L9: Ram-Duplicate | M9: Ram-Dirty-Pages-Rate | N9: Ram-Skipped | O9: Ram-Normal-Bytes | P9: Ram-Normal | Q9: Total-Fake-Dirty-Pages | R9: Total-Transferred-Page-Count
A10: 1 | B10: 3 | C10: 1 | D10: 34 | E10: 20293 | F10: 2165121024 | G10: 0 | H10: 5 | I10: 0 | J10: 901.09177 | K10: 2285406901 | L10: 12759 | M10: 0 | N10: 0 | O10: 2280837120 | P10: 556845 | Q10: 55813 | R10: 569604
A11: 2 | B11: 3 | C11: 2 | D11: 46 | E11: 20358 | F11: 2165121024 | G11: 0 | H11: 5 | I11: 0 | J11: 898.93883 | K11: 2287137475 | L11: 11245 | M11: 0 | N11: 0 | O11: 2282577920 | P11: 557270 | Q11: 49101 | R11: 568515
A12: 3 | B12: 3 | C12: 2 | D12: 295 | E12: 20333 | F12: 2165121024 | G12: 0 | H12: 5 | I12: 0 | J12: 899.56129 | K12: 2285910199 | L12: 12593 | M12: 0 | N12: 0 | O12: 2281340928 | P12: 556968 | Q12: 47276 | R12: 569561
A13: Average | B13: =AVERAGE(B10:B12) -> 3 | C13: =AVERAGE(C10:C12) -> 1.6666667 | D13: =AVERAGE(D10:D12) -> 125 | E13: =AVERAGE(E10:E12) -> 20328 | F13: =AVERAGE(F10:F12) -> 2165121024 | G13: =AVERAGE(G10:G12) -> 0 | H13: =AVERAGE(H10:H12) -> 5 | I13: =AVERAGE(I10:I12) -> 0 | ... R13: =AVERAGE(R10:R12) -> 569226.67
A15: RAM | B15: 4096
A16: Experiment | B16: Iterations | C16: Setup-Time | D16: Downtime | E16: Total-Time | F16: Ram-Total | G16: Ram-Postcopy-Requests | H16: Ram-Dirty-Sync-Count | I16: Ram-Remaining | J16: Ram-Mbps | K16: Ram-Transferred | L16: Ram-Duplicate | M16: Ram-Dirty-Pages-Rate | N16: Ram-Skipped | O16: Ram-Normal-Bytes | P16: Ram-Normal | Q16: Total-Fake-Dirty-Pages | R16: Total-Transferred-Page-Count
A17: 1 | B17: 3 | C17: 3 | D17: 105 | E17: 34093 | F17: 4312604672 | G17: 0 | H17: 5 | I17: 0 | J17: 835.2468 | K17: 3558983041 | L17: 270659 | M17: 0 | N17: 0 | O17: 3549614080 | P17: 866605 | Q17: 33678 | R17: 1137264
A18: 2 | B18: 4 | C18: 3 | D18: 84 | E18: 35202 | F18: 4312604672 | G18: 0 | H18: 6 | I18: 0 | J18: 767.63022 | K18: 3377264616 | L18: 324298 | M18: 0 | N18: 0 | O18: 3367768064 | P18: 822209 | Q18: 181754 | R18: 1146507
A19: 3 | B19: 3 | C19: 2 | D19: 108 | E19: 34126 | F19: 4312604672 | G19: 0 | H19: 5 | I19: 0 | J19: 827.5089 | K19: 3529526824 | L19: 278666 | M19: 0 | N19: 0 | O19: 3520143360 | P19: 859410 | Q19: 37146 | R19: 1138076
A20: Average | B20: =AVERAGE(B17:B19) -> 3.3333333 | C20: =AVERAGE(C17:C19) -> 2.6666667 | D20: =AVERAGE(D17:D19) -> 99 | E20: =AVERAGE(E17:E19) -> 34473.667 | F20: =AVERAGE(F17:F19) -> 4312604672 | G20: =AVERAGE(G17:G19) -> 0 | H20: =AVERAGE(H17:H19) -> 5.3333333 | I20: =AVERAGE(I17:I19) -> 0 | ... R20: =AVERAGE(R17:R19) -> 1140615.7
A22: RAM | B22: 8192
A23: Experiment | B23: Iterations | C23: Setup-Time | D23: Downtime | E23: Total-Time | F23: Ram-Total | G23: Ram-Postcopy-Requests | H23: Ram-Dirty-Sync-Count | I23: Ram-Remaining | J23: Ram-Mbps | K23: Ram-Transferred | L23: Ram-Duplicate | M23: Ram-Dirty-Pages-Rate | N23: Ram-Skipped | O23: Ram-Normal-Bytes | P23: Ram-Normal | Q23: Total-Fake-Dirty-Pages | R23: Total-Transferred-Page-Count
A24: 1 | B24: 4 | C24: 5 | D24: 70 | E24: 50416 | F24: 8607571968 | G24: 0 | H24: 6 | I24: 0 | J24: 567.88417 | K24: 3578238693 | L24: 1335383 | M24: 0 | N24: 0 | O24: 3559268352 | P24: 868962 | Q24: 187241 | R24: 2204345
A25: 2 | B25: 4 | C25: 4 | D25: 36 | E25: 50043 | F25: 8607571968 | G25: 0 | H25: 6 | I25: 0 | J25: 608.18867 | K25: 3803931693 | L25: 1274927 | M25: 0 | N25: 0 | O25: 3785064448 | P25: 924088 | Q25: 122535 | R25: 2199015
A26: 3 | B26: 4 | C26: 5 | D26: 75 | E26: 50457 | F26: 8607571968 | G26: 0 | H26: 6 | I26: 0 | J26: 594.14319 | K26: 3746751615 | L26: 1300569 | M26: 0 | N26: 0 | O26: 3727765504 | P26: 910099 | Q26: 157124 | R26: 2210668
A27: Average | B27: =AVERAGE(B24:B26) -> 4 | C27: =AVERAGE(C24:C26) -> 4.6666667 | D27: =AVERAGE(D24:D26) -> 60.333333 | E27: =AVERAGE(E24:E26) -> 50305.333 | F27: =AVERAGE(F24:F26) -> 8607571968 | G27: =AVERAGE(G24:G26) -> 0 | H27: =AVERAGE(H24:H26) -> 6 | I27: =AVERAGE(I24:I26) -> 0 | ... R27: =AVERAGE(R24:R26) -> 2204676
A29: RAM | B29: 12288
A30: Experiment | B30: Iterations | C30: Setup-Time | D30: Downtime | E30: Total-Time | F30: Ram-Total | G30: Ram-Postcopy-Requests | H30: Ram-Dirty-Sync-Count | I30: Ram-Remaining | J30: Ram-Mbps | K30: Ram-Transferred | L30: Ram-Duplicate | M30: Ram-Dirty-Pages-Rate | N30: Ram-Skipped | O30: Ram-Normal-Bytes | P30: Ram-Normal | Q30: Total-Fake-Dirty-Pages | R30: Total-Transferred-Page-Count
A31: 1 | B31: 3 | C31: 6 | D31: 38 | E31: 64167 | F31: 12902539264 | G31: 0 | H31: 5 | I31: 0 | J31: 528.03255 | K31: 4234674682 | L31: 2175468 | M31: 0 | N31: 0 | O31: 4206878720 | P31: 1027070 | Q31: 64359 | R31: 3202538
A32: 2 | B32: 4 | C32: 5 | D32: 55 | E32: 65429 | F32: 12902539264 | G32: 0 | H32: 6 | I32: 0 | J32: 492.17705 | K32: 4024811484 | L32: 2287070 | M32: 0 | N32: 0 | O32: 3996422144 | P32: 975689 | Q32: 184415 | R32: 3262759
A33: 3 | B33: 4 | C33: 6 | D33: 94 | E33: 64845 | F33: 12902539264 | G33: 0 | H33: 6 | I33: 0 | J33: 472.34385 | K33: 3828075435 | L33: 2339221 | M33: 0 | N33: 0 | O33: 3799601152 | P33: 927637 | Q33: 198144 | R33: 3266858
A34: Average | B34: =AVERAGE(B31:B33) -> 3.6666667 | C34: =AVERAGE(C31:C33) -> 5.6666667 | D34: =AVERAGE(D31:D33) -> 62.333333 | E34: =AVERAGE(E31:E33) -> 64813.667 | F34: =AVERAGE(F31:F33) -> 12902539264 | G34: =AVERAGE(G31:G33) -> 0 | H34: =AVERAGE(H31:H33) -> 5.6666667 | I34: =AVERAGE(I31:I33) -> 0 | ... R34: =AVERAGE(R31:R33) -> 3244051.7
A36: RAM | B36: 16384
A37: Experiment | B37: Iterations | C37: Setup-Time | D37: Downtime | E37: Total-Time | F37: Ram-Total | G37: Ram-Postcopy-Requests | H37: Ram-Dirty-Sync-Count | I37: Ram-Remaining | J37: Ram-Mbps | K37: Ram-Transferred | L37: Ram-Duplicate | M37: Ram-Dirty-Pages-Rate | N37: Ram-Skipped | O37: Ram-Normal-Bytes | P37: Ram-Normal | Q37: Total-Fake-Dirty-Pages | R37: Total-Transferred-Page-Count
A38: 1 | B38: 4 | C38: 8 | D38: 59 | E38: 77870 | F38: 17197506560 | G38: 0 | H38: 6 | I38: 0 | J38: 406.91156 | K38: 3960156069 | L38: 3357647 | M38: 0 | N38: 0 | O38: 3922276352 | P38: 957587 | Q38: 145771 | R38: 4315234
A39: 2 | B39: 4 | C39: 7 | D39: 65 | E39: 77431 | F39: 17197506560 | G39: 0 | H39: 6 | I39: 0 | J39: 426.62211 | K39: 4128636411 | L39: 3393997 | M39: 0 | N39: 0 | O39: 4090101760 | P39: 998560 | Q39: 42366 | R39: 4392557
A40: 3 | B40: 3 | C40: 8 | D40: 60 | E40: 77153 | F40: 17197506560 | G40: 0 | H40: 5 | I40: 0 | J40: 416.64941 | K40: 4017589957 | L40: 3284511 | M40: 0 | N40: 0 | O40: 3980255232 | P40: 971742 | Q40: 94798 | R40: 4256253
A41: Average | B41: =AVERAGE(B38:B40) -> 3.6666667 | C41: =AVERAGE(C38:C40) -> 7.6666667 | D41: =AVERAGE(D38:D40) -> 61.333333 | E41: =AVERAGE(E38:E40) -> 77484.667 | F41: =AVERAGE(F38:F40) -> 17197506560 | G41: =AVERAGE(G38:G40) -> 0 | H41: =AVERAGE(H38:H40) -> 5.6666667 | I41: =AVERAGE(I38:I40) -> 0 | ... R41: =AVERAGE(R38:R40) -> 4321348

Sheet HBFDP_Murmur3
A1: RAM | B1: 1024
A2: Experiment | B2: Iterations | C2: Setup-Time | D2: Downtime | E2: Total-Time | F2: Ram-Total | G2: Ram-Postcopy-Requests | H2: Ram-Dirty-Sync-Count | I2: Ram-Remaining | J2: Ram-Mbps | K2: Ram-Transferred | L2: Ram-Duplicate | M2: Ram-Dirty-Pages-Rate | N2: Ram-Skipped | O2: Ram-Normal-Bytes | P2: Ram-Normal | Q2: Total-Fake-Dirty-Pages | R2: Total-Transferred-Page-Count
A3: 1 | B3: 3 | C3: 2 | D3: 534 | E3: 10096 | F3: 1091379200 | G3: 0 | H3: 5 | I3: 0 | J3: 886.88565 | K3: 1118815579 | L3: 11781 | M3: 0 | N3: 0 | O3: 1116528640 | P3: 272590 | Q3: 19938 | R3: 284371
A4: 2 | B4: 2 | C4: 2 | D4: 367 | E4: 9875 | F4: 1091379200 | G4: 0 | H4: 4 | I4: 0 | J4: 894.80085 | K4: 1104083741 | L4: 11495 | M4: 0 | N4: 0 | O4: 1101828096 | P4: 269001 | Q4: 24208 | R4: 280496
A5: 3 | B5: 2 | C5: 2 | D5: 373 | E5: 9890 | F5: 1091379200 | G5: 0 | H5: 4 | I5: 0 | J5: 894.34356 | K5: 1105196276 | L5: 11534 | M5: 0 | N5: 0 | O5: 1102938112 | P5: 269272 | Q5: 24155 | R5: 280806
A6: Average | B6: =AVERAGE(B3:B5) -> 2.3333333 | C6: =AVERAGE(C3:C5) -> 2 | D6: =AVERAGE(D3:D5) -> 424.66667 | E6: =AVERAGE(E3:E5) -> 9953.6667 | F6: =AVERAGE(F3:F5) -> 1091379200 | G6: =AVERAGE(G3:G5) -> 0 | H6: =AVERAGE(H3:H5) -> 4.3333333 | I6: =AVERAGE(I3:I5) -> 0 | ... R6: =AVERAGE(R3:R5) -> 281891
A8: RAM | B8: 2048
A9: Experiment | B9: Iterations | C9: Setup-Time | D9: Downtime | E9: Total-Time | F9: Ram-Total | G9: Ram-Postcopy-Requests | H9: Ram-Dirty-Sync-Count | I9: Ram-Remaining | J9: Ram-Mbps | K9: Ram-Transferred | L9: Ram-Duplicate | M9: Ram-Dirty-Pages-Rate | N9: Ram-Skipped | O9: Ram-Normal-Bytes | P9: Ram-Normal | Q9: Total-Fake-Dirty-Pages | R9: Total-Transferred-Page-Count
A10: 1 | B10: 3 | C10: 2 | D10: 53 | E10: 20711 | F10: 2165121024 | G10: 0 | H10: 5 | I10: 0 | J10: 887.52224 | K10: 2297249866 | L10: 12172 | M10: 0 | N10: 0 | O10: 2292662272 | P10: 559732 | Q10: 55227 | R10: 571904
A11: 2 | B11: 3 | C11: 2 | D11: 66 | E11: 20766 | F11: 2165121024 | G11: 0 | H11: 5 | I11: 0 | J11: 895.35953 | K11: 2323693279 | L11: 11409 | M11: 0 | N11: 0 | O11: 2319060992 | P11: 566177 | Q11: 54363 | R11: 577586
A12: 3 | B12: 3 | C12: 1 | D12: 499 | E12: 20756 | F12: 2165121024 | G12: 0 | H12: 5 | I12: 0 | J12: 881.57516 | K12: 2286924184 | L12: 12626 | M12: 0 | N12: 0 | O12: 2282352640 | P12: 557215 | Q12: 44940 | R12: 569841
A13: Average | B13: =AVERAGE(B10:B12) -> 3 | C13: =AVERAGE(C10:C12) -> 1.6666667 | D13: =AVERAGE(D10:D12) -> 206 | E13: =AVERAGE(E10:E12) -> 20744.333 | F13: =AVERAGE(F10:F12) -> 2165121024 | G13: =AVERAGE(G10:G12) -> 0 | H13: =AVERAGE(H10:H12) -> 5 | I13: =AVERAGE(I10:I12) -> 0 | ... R13: =AVERAGE(R10:R12) -> 573110.33
A15: RAM | B15: 4096
A16: Experiment | B16: Iterations | C16: Setup-Time | D16: Downtime | E16: Total-Time | F16: Ram-Total | G16: Ram-Postcopy-Requests | H16: Ram-Dirty-Sync-Count | I16: Ram-Remaining | J16: Ram-Mbps | K16: Ram-Transferred | L16: Ram-Duplicate | M16: Ram-Dirty-Pages-Rate | N16: Ram-Skipped | O16: Ram-Normal-Bytes | P16: Ram-Normal | Q16: Total-Fake-Dirty-Pages | R16: Total-Transferred-Page-Count
A17: 1 | B17: 5 | C17: 3 | D17: 36 | E17: 34614 | F17: 4312604672 | G17: 0 | H17: 6 | I17: 0 | J17: 829.18429 | K17: 3587149764 | L17: 266206 | M17: 0 | N17: 0 | O17: 3577765888 | P17: 873478 | Q17: 41251 | R17: 1139684
A18: 2 | B18: 4 | C18: 3 | D18: 99 | E18: 34821 | F18: 4312604672 | G18: 0 | H18: 6 | I18: 0 | J18: 812.21353 | K18: 3534743943 | L18: 286065 | M18: 0 | N18: 0 | O18: 3525283840 | P18: 860665 | Q18: 72203 | R18: 1146730
A19: 3 | B19: 4 | C19: 3 | D19: 66 | E19: 34694 | F19: 4312604672 | G19: 0 | H19: 6 | I19: 0 | J19: 826.69727 | K19: 3584656955 | L19: 277416 | M19: 0 | N19: 0 | O19: 3575177216 | P19: 872846 | Q19: 45999 | R19: 1150262
A20: Average | B20: =AVERAGE(B17:B19) -> 4.3333333 | C20: =AVERAGE(C17:C19) -> 3 | D20: =AVERAGE(D17:D19) -> 67 | E20: =AVERAGE(E17:E19) -> 34709.667 | F20: =AVERAGE(F17:F19) -> 4312604672 | G20: =AVERAGE(G17:G19) -> 0 | H20: =AVERAGE(H17:H19) -> 6 | I20: =AVERAGE(I17:I19) -> 0 | ... R20: =AVERAGE(R17:R19) -> 1145558.7
A22: RAM | B22: 8192
A23: Experiment | B23: Iterations | C23: Setup-Time | D23: Downtime | E23: Total-Time | F23: Ram-Total | G23: Ram-Postcopy-Requests | H23: Ram-Dirty-Sync-Count | I23: Ram-Remaining | J23: Ram-Mbps | K23: Ram-Transferred | L23: Ram-Duplicate | M23: Ram-Dirty-Pages-Rate | N23: Ram-Skipped | O23: Ram-Normal-Bytes | P23: Ram-Normal | Q23: Total-Fake-Dirty-Pages | R23: Total-Transferred-Page-Count
A24: 1 | B24: 4 | C24: 5 | D24: 171 | E24: 51128 | F24: 8607571968 | G24: 0 | H24: 6 | I24: 0 | J24: 570.89104 | K24: 3647995416 | L24: 1319994 | M24: 0 | N24: 0 | O24: 3629027328 | P24: 885993 | Q24: 177818 | R24: 2205987
A25: 2 | B25: 4 | C25: 5 | D25: 91 | E25: 50719 | F25: 8607571968 | G25: 0 | H25: 6 | I25: 0 | J25: 572.52657 | K25: 3629176659 | L25: 1322973 | M25: 0 | N25: 0 | O25: 3610218496 | P25: 881401 | Q25: 153708 | R25: 2204374
A26: 3 | B26: 4 | C26: 4 | D26: 50 | E26: 51610 | F26: 8607571968 | G26: 0 | H26: 6 | I26: 0 | J26: 570.9521 | K26: 3682856880 | L26: 1308826 | M26: 0 | N26: 0 | O26: 3663921152 | P26: 894512 | Q26: 181991 | R26: 2203338
A27: Average | B27: =AVERAGE(B24:B26) -> 4 | C27: =AVERAGE(C24:C26) -> 4.6666667 | D27: =AVERAGE(D24:D26) -> 104 | E27: =AVERAGE(E24:E26) -> 51152.333 | F27: =AVERAGE(F24:F26) -> 8607571968 | G27: =AVERAGE(G24:G26) -> 0 | H27: =AVERAGE(H24:H26) -> 6 | I27: =AVERAGE(I24:I26) -> 0 | ... R27: =AVERAGE(R24:R26) -> 2204566.3
A29: RAM | B29: 12288
A30: Experiment | B30: Iterations | C30: Setup-Time | D30: Downtime | E30: Total-Time | F30: Ram-Total | G30: Ram-Postcopy-Requests | H30: Ram-Dirty-Sync-Count | I30: Ram-Remaining | J30: Ram-Mbps | K30: Ram-Transferred | L30: Ram-Duplicate | M30: Ram-Dirty-Pages-Rate | N30: Ram-Skipped | O30: Ram-Normal-Bytes | P30: Ram-Normal | Q30: Total-Fake-Dirty-Pages | R30: Total-Transferred-Page-Count
A31: 1 | B31: 4 | C31: 6 | D31: 31 | E31: 67276 | F31: 12902539264 | G31: 0 | H31: 6 | I31: 0 | J31: 494.82023 | K31: 4160607183 | L31: 2255433 | M31: 0 | N31: 0 | O31: 4132237312 | P31: 1008847 | Q31: 103742 | R31: 3264280
A32: 2 | B32: 4 | C32: 6 | D32: 71 | E32: 67852 | F32: 12902539264 | G32: 0 | H32: 6 | I32: 0 | J32: 480.76133 | K32: 4077004275 | L32: 2291421 | M32: 0 | N32: 0 | O32: 4048474112 | P32: 988397 | Q32: 124144 | R32: 3279818
A33: 3 | B33: 4 | C33: 6 | D33: 53 | E33: 67521 | F33: 12902539264 | G33: 0 | H33: 6 | I33: 0 | J33: 462.83451 | K33: 3905821611 | L33: 2317789 | M33: 0 | N33: 0 | O33: 3877388288 | P33: 946628 | Q33: 161170 | R33: 3264417
A34: Average | B34: =AVERAGE(B31:B33) -> 4 | C34: =AVERAGE(C31:C33) -> 6 | D34: =AVERAGE(D31:D33) -> 51.666667 | E34: =AVERAGE(E31:E33) -> 67549.667 | F34: =AVERAGE(F31:F33) -> 12902539264 | G34: =AVERAGE(G31:G33) -> 0 | H34: =AVERAGE(H31:H33) -> 6 | I34: =AVERAGE(I31:I33) -> 0 | ... R34: =AVERAGE(R31:R33) -> 3269505
A36: RAM | B36: 16384
A37: Experiment | B37: Iterations | C37: Setup-Time | D37: Downtime | E37: Total-Time | F37: Ram-Total | G37: Ram-Postcopy-Requests | H37: Ram-Dirty-Sync-Count | I37: Ram-Remaining | J37: Ram-Mbps | K37: Ram-Transferred | L37: Ram-Duplicate | M37: Ram-Dirty-Pages-Rate | N37: Ram-Skipped | O37: Ram-Normal-Bytes | P37: Ram-Normal | Q37: Total-Fake-Dirty-Pages | R37: Total-Transferred-Page-Count
A38: 1 | B38: 4 | C38: 7 | D38: 81 | E38: 84780 | F38: 17197506560 | G38: 0 | H38: 6 | I38: 0 | J38: 400.50484 | K38: 4243787190 | L38: 3281448 | M38: 0 | N38: 0 | O38: 4206039040 | P38: 1026865 | Q38: 199087 | R38: 4308313
A39: 2 | B39: 4 | C39: 7 | D39: 86 | E39: 85041 | F39: 17197506560 | G39: 0 | H39: 6 | I39: 0 | J39: 391.80189 | K39: 4164347817 | L39: 3312651 | M39: 0 | N39: 0 | O39: 4126474240 | P39: 1007440 | Q39: 233230 | R39: 4320091
A40: 3 | B40: 4 | C40: 8 | D40: 97 | E40: 85400 | F40: 17197506560 | G40: 0 | H40: 6 | I40: 0 | J40: 413.85132 | K40: 4417236630 | L40: 3266176 | M40: 0 | N40: 0 | O40: 4379287552 | P40: 1069162 | Q40: 266496 | R40: 4335338
A41: Average | B41: =AVERAGE(B38:B40) -> 4 | C41: =AVERAGE(C38:C40) -> 7.3333333 | D41: =AVERAGE(D38:D40) -> 88 | E41: =AVERAGE(E38:E40) -> 85073.667 | F41: =AVERAGE(F38:F40) -> 17197506560 | G41: =AVERAGE(G38:G40) -> 0 | H41: =AVERAGE(H38:H40) -> 6 | I41: =AVERAGE(I38:I40) -> 0 | ... R41: =AVERAGE(R38:R40) -> 4321247.3

Sheet XBZRLE_HBFDP_SHA1
A1: RAM | B1: 1024
A2: Experiment | B2: Iterations | C2: Setup-Time | D2: Downtime | E2: Total-Time | F2: Ram-Total | G2: Ram-Postcopy-Requests | H2: Ram-Dirty-Sync-Count | I2: Ram-Remaining | J2: Ram-Mbps | K2: Ram-Transferred | L2: Ram-Duplicate | M2: Ram-Dirty-Pages-Rate | N2: Ram-Skipped | O2: Ram-Normal-Bytes | P2: Ram-Normal | Q2: Total-Fake-Dirty-Pages | R2: Total-Transferred-Page-Count
A3: 1 | B3: 2 | C3: 33 | D3: 297 | E3: 10358 | F3: 1091379200 | G3: 0 | H3: 4 | I3: 0 | J3: 873.55916 | K3: 1127224930 | L3: 10957 | M3: 0 | N3: 0 | O3: 1124749312 | P3: 274597 | Q3: 25673 | R3: 286375
A4: 2 | B4: 2 | C4: 33 | D4: 559 | E4: 10268 | F4: 1091379200 | G4: 0 | H4: 4 | I4: 0 | J4: 871.15454 | K4: 1114320983 | L4: 11730 | M4: 0 | N4: 0 | O4: 1111724032 | P4: 271417 | Q4: 28891 | R4: 284359
A5: 3 | B5: 2 | C5: 33 | D5: 261 | E5: 10219 | F5: 1091379200 | G5: 0 | H5: 4 | I5: 0 | J5: 866.94783 | K5: 1103628969 | L5: 10834 | M5: 0 | N5: 0 | O5: 1101127680 | P5: 268830 | Q5: 18587 | R5: 280581
A6: Average | B6: =AVERAGE(B3:B5) -> 2 | C6: =AVERAGE(C3:C5) -> 33 | D6: =AVERAGE(D3:D5) -> 372.33333 | E6: =AVERAGE(E3:E5) -> 10281.667 | F6: =AVERAGE(F3:F5) -> 1091379200 | G6: =AVERAGE(G3:G5) -> 0 | H6: =AVERAGE(H3:H5) -> 4 | I6: =AVERAGE(I3:I5) -> 0 | ... R6: =AVERAGE(R3:R5) -> 283771.67
A8: RAM | B8: 2048
A9: Experiment | B9: Iterations | C9: Setup-Time | D9: Downtime | E9: Total-Time | F9: Ram-Total | G9: Ram-Postcopy-Requests | H9: Ram-Dirty-Sync-Count | I9: Ram-Remaining | J9: Ram-Mbps | K9: Ram-Transferred | L9: Ram-Duplicate | M9: Ram-Dirty-Pages-Rate | N9: Ram-Skipped | O9: Ram-Normal-Bytes | P9: Ram-Normal | Q9: Total-Fake-Dirty-Pages | R9: Total-Transferred-Page-Count
A10: 1 | B10: 3 | C10: 35 | D10: 36 | E10: 20182 | F10: 2165121024 | G10: 0 | H10: 5 | I10: 0 | J10: 892.89372 | K10: 2248428848 | L10: 11694 | M10: 0 | N10: 0 | O10: 2243203072 | P10: 547657 | Q10: 49861 | R10: 562159
A11: 2 | B11: 3 | C11: 34 | D11: 44 | E11: 20165 | F11: 2165121024 | G11: 0 | H11: 5 | I11: 0 | J11: 896.68084 | K11: 2256172854 | L11: 11652 | M11: 0 | N11: 0 | O11: 2250682368 | P11: 549483 | Q11: 57924 | R11: 564860
A12: 3 | B12: 3 | C12: 34 | D12: 35 | E12: 20169 | F12: 2165121024 | G12: 0 | H12: 5 | I12: 0 | J12: 906.63934 | K12: 2281685504 | L12: 11036 | M12: 0 | N12: 0 | O12: 2276495360 | P12: 555785 | Q12: 43888 | R12: 569238
A13: Average | B13: =AVERAGE(B10:B12) -> 3 | C13: =AVERAGE(C10:C12) -> 34.333333 | D13: =AVERAGE(D10:D12) -> 38.333333 | E13: =AVERAGE(E10:E12) -> 20172 | F13: =AVERAGE(F10:F12) -> 2165121024 | G13: =AVERAGE(G10:G12) -> 0 | H13: =AVERAGE(H10:H12) -> 5 | I13: =AVERAGE(I10:I12) -> 0 | ... R13: =AVERAGE(R10:R12) -> 565419
A15: RAM | B15: 4096
A16: Experiment | B16: Iterations | C16: Setup-Time | D16: Downtime | E16: Total-Time | F16: Ram-Total | G16: Ram-Postcopy-Requests | H16: Ram-Dirty-Sync-Count | I16: Ram-Remaining | J16: Ram-Mbps | K16: Ram-Transferred | L16: Ram-Duplicate | M16: Ram-Dirty-Pages-Rate | N16: Ram-Skipped | O16: Ram-Normal-Bytes | P16: Ram-Normal | Q16: Total-Fake-Dirty-Pages | R16: Total-Transferred-Page-Count
A17: 1 | B17: 4 | C17: 35 | D17: 61 | E17: 35940 | F17: 4312604672 | G17: 0 | H17: 6 | I17: 0 | J17: 830.28325 | K17: 3726202615 | L17: 234617 | M17: 0 | N17: 0 | O17: 3713572864 | P17: 906634 | Q17: 71461 | R17: 1147657
A18: 2 | B18: 4 | C18: 35 | D18: 33 | E18: 35895 | F18: 4312604672 | G18: 0 | H18: 6 | I18: 0 | J18: 838.14694 | K18: 3756781242 | L18: 226341 | M18: 0 | N18: 0 | O18: 3744710656 | P18: 914236 | Q18: 62975 | R18: 1148017
A19: 3 | B19: 4 | C19: 36 | D19: 96 | E19: 36273 | F19: 4312604672 | G19: 0 | H19: 6 | I19: 0 | J19: 792.39697 | K19: 3589048702 | L19: 252654 | M19: 0 | N19: 0 | O19: 3576487936 | P19: 873166 | Q19: 152141 | R19: 1133971
A20: Average | B20: =AVERAGE(B17:B19) -> 4 | C20: =AVERAGE(C17:C19) -> 35.333333 | D20: =AVERAGE(D17:D19) -> 63.333333 | E20: =AVERAGE(E17:E19) -> 36036 | F20: =AVERAGE(F17:F19) -> 4312604672 | G20: =AVERAGE(G17:G19) -> 0 | H20: =AVERAGE(H17:H19) -> 6 | I20: =AVERAGE(I17:I19) -> 0 | ... R20: =AVERAGE(R17:R19) -> 1143215
A22: RAM | B22: 8192
A23: Experiment | B23: Iterations | C23: Setup-Time | D23: Downtime | E23: Total-Time | F23: Ram-Total | G23: Ram-Postcopy-Requests | H23: Ram-Dirty-Sync-Count | I23: Ram-Remaining | J23: Ram-Mbps | K23: Ram-Transferred | L23: Ram-Duplicate | M23: Ram-Dirty-Pages-Rate | N23: Ram-Skipped | O23: Ram-Normal-Bytes | P23: Ram-Normal | Q23: Total-Fake-Dirty-Pages | R23: Total-Transferred-Page-Count
A24: 1 | B24: 4 | C24: 37 | D24: 92 | E24: 52766 | F24: 8607571968 | G24: 0 | H24: 6 | I24: 0 | J24: 582.61125 | K24: 3839851149 | L24: 1269311 | M24: 0 | N24: 0 | O24: 3818831872 | P24: 932332 | Q24: 150095 | R24: 2210242
A25: 2 | B25: 4 | C25: 36 | D25: 47 | E25: 52581 | F25: 8607571968 | G25: 0 | H25: 6 | I25: 0 | J25: 600.74237 | K25: 3945538540 | L25: 1243265 | M25: 0 | N25: 0 | O25: 3924107264 | P25: 958034 | Q25: 140853 | R25: 2209638
A26: 3 | B26: 4 | C26: 39 | D26: 56 | E26: 52739 | F26: 8607571968 | G26: 0 | H26: 6 | I26: 0 | J26: 572.53139 | K26: 3771338148 | L26: 1266266 | M26: 0 | N26: 0 | O26: 3750215680 | P26: 915580 | Q26: 213646 | R26: 2189365
A27: Average | B27: =AVERAGE(B24:B26) -> 4 | C27: =AVERAGE(C24:C26) -> 37.333333 | D27: =AVERAGE(D24:D26) -> 65 | E27: =AVERAGE(E24:E26) -> 52695.333 | F27: =AVERAGE(F24:F26) -> 8607571968 | G27: =AVERAGE(G24:G26) -> 0 | H27: =AVERAGE(H24:H26) -> 6 | I27: =AVERAGE(I24:I26) -> 0 | ... R27: =AVERAGE(R24:R26) -> 2203081.7
A29: RAM | B29: 12288
A30: Experiment | B30: Iterations | C30: Setup-Time | D30: Downtime | E30: Total-Time | F30: Ram-Total | G30: Ram-Postcopy-Requests | H30: Ram-Dirty-Sync-Count | I30: Ram-Remaining | J30: Ram-Mbps | K30: Ram-Transferred | L30: Ram-Duplicate | M30: Ram-Dirty-Pages-Rate | N30: Ram-Skipped | O30: Ram-Normal-Bytes | P30: Ram-Normal | Q30: Total-Fake-Dirty-Pages | R30: Total-Transferred-Page-Count
A31: 1 | B31: 5 | C31: 38 | D31: 93 | E31: 69355 | F31: 12902539264 | G31: 0 | H31: 7 | I31: 0 | J31: 477.80376 | K31: 4139777987 | L31: 2269119 | M31: 0 | N31: 0 | O31: 4108132352 | P31: 1002962 | Q31: 239885 | R31: 3282671
A32: 2 | B32: 4 | C32: 39 | D32: 67 | E32: 69394 | F32: 12902539264 | G32: 0 | H32: 6 | I32: 0 | J32: 477.3093 | K32: 4137760929 | L32: 2268225 | M32: 0 | N32: 0 | O32: 4106645504 | P32: 1002599 | Q32: 209211 | R32: 3280296
A33: 3 | B33: 5 | C33: 39 | D33: 93 | E33: 69451 | F33: 12902539264 | G33: 0 | H33: 7 | I33: 0 | J33: 479.3918 | K33: 4159230541 | L33: 2265365 | M33: 0 | N33: 0 | O33: 4127105024 | P33: 1007594 | Q33: 147260 | R33: 3283314
A34: Average | B34: =AVERAGE(B31:B33) -> 4.6666667 | C34: =AVERAGE(C31:C33) -> 38.666667 | D34: =AVERAGE(D31:D33) -> 84.333333 | E34: =AVERAGE(E31:E33) -> 69400 | F34: =AVERAGE(F31:F33) -> 12902539264 | G34: =AVERAGE(G31:G33) -> 0 | H34: =AVERAGE(H31:H33) -> 6.6666667 | I34: =AVERAGE(I31:I33) -> 0 | ... R34: =AVERAGE(R31:R33) -> 3282093.7
A36: RAM | B36: 16384
A37: Experiment | B37: Iterations | C37: Setup-Time | D37: Downtime | E37: Total-Time | F37: Ram-Total | G37: Ram-Postcopy-Requests | H37: Ram-Dirty-Sync-Count | I37: Ram-Remaining | J37: Ram-Mbps | K37: Ram-Transferred | L37: Ram-Duplicate | M37: Ram-Dirty-Pages-Rate | N37: Ram-Skipped | O37: Ram-Normal-Bytes | P37: Ram-Normal | Q37: Total-Fake-Dirty-Pages | R37: Total-Transferred-Page-Count
A38: 1 | B38: 13 | C38: 42 | D38: 106 | E38: 86789 | F38: 17197506560 | G38: 0 | H38: 15 | I38: 0 | J38: 409.86538 | K38: 4444111362 | L38: 3282491 | M38: 0 | N38: 0 | O38: 4391063552 | P38: 1072037 | Q38: 214453 | R38: 4376484
A39: 2 | B39: 7 | C39: 41 | D39: 164 | E39: 87108 | F39: 17197506560 | G39: 0 | H39: 9 | I39: 0 | J39: 409.75913 | K39: 4459349775 | L39: 3262756 | M39: 0 | N39: 0 | O39: 4414222336 | P39: 1077691 | Q39: 201434 | R39: 4353368
A40: 3 | B40: 7 | C40: 41 | D40: 113 | E40: 86805 | F40: 17197506560 | G40: 0 | H40: 9 | I40: 0 | J40: 413.9959 | K40: 4489780063 | L40: 3263849 | M40: 0 | N40: 0 | O40: 4444684288 | P40: 1085128 | Q40: 264233 | R40: 4363583
A41: Average | B41: =AVERAGE(B38:B40) -> 9 | C41: =AVERAGE(C38:C40) -> 41.333333 | D41: =AVERAGE(D38:D40) -> 127.66667 | E41: =AVERAGE(E38:E40) -> 86900.667 | F41: =AVERAGE(F38:F40) -> 17197506560 | G41: =AVERAGE(G38:G40) -> 0 | H41: =AVERAGE(H38:H40) -> 11 | I41: =AVERAGE(I38:I40) -> 0 | ... R41: =AVERAGE(R38:R40) -> 4364478.3

Sheet XBZRLE_HBFDP_MD5
A1: RAM | B1: 1024
A2: Experiment | B2: Iterations | C2: Setup-Time | D2: Downtime | E2: Total-Time | F2: Ram-Total | G2: Ram-Postcopy-Requests | H2: Ram-Dirty-Sync-Count | I2: Ram-Remaining | J2: Ram-Mbps | K2: Ram-Transferred | L2: Ram-Duplicate | M2: Ram-Dirty-Pages-Rate | N2: Ram-Skipped | O2: Ram-Normal-Bytes | P2: Ram-Normal | Q2: Total-Fake-Dirty-Pages | R2: Total-Transferred-Page-Count
A3: 1 | B3: 2 | C3: 34 | D3: 102 | E3: 10386 | F3: 1091379200 | G3: 0 | H3: 4 | I3: 0 | J3: 873.09647 | K3: 1129574473 | L3: 11524 | M3: 0 | N3: 0 | O3: 1126969344 | P3: 275139 | Q3: 25214 | R3: 287728
A4: 2 | B4: 3 | C4: 34 | D4: 22 | E4: 10325 | F4: 1091379200 | G4: 0 | H4: 5 | I4: 0 | J4: 872.45944 | K4: 1122097622 | L4: 12099 | M4: 0 | N4: 0 | O4: 1119326208 | P4: 273273 | Q4: 28799 | R4: 287206
A5: 3 | B5: 2 | C5: 33 | D5: 665 | E5: 10366 | F5: 1091379200 | G5: 0 | H5: 4 | I5: 0 | J5: 868.98066 | K5: 1122184784 | L5: 13338 | M5: 0 | N5: 0 | O5: 1119637504 | P5: 273349 | Q5: 24982 | R5: 287712
A6: Average | B6: =AVERAGE(B3:B5) -> 2.3333333 | C6: =AVERAGE(C3:C5) -> 33.666667 | D6: =AVERAGE(D3:D5) -> 263 | E6: =AVERAGE(E3:E5) -> 10359 | F6: =AVERAGE(F3:F5) -> 1091379200 | G6: =AVERAGE(G3:G5) -> 0 | H6: =AVERAGE(H3:H5) -> 4.3333333 | I6: =AVERAGE(I3:I5) -> 0 | ... R6: =AVERAGE(R3:R5) -> 287548.67
A8: RAM | B8: 2048
A9: Experiment | B9: Iterations | C9: Setup-Time | D9: Downtime | E9: Total-Time | F9: Ram-Total | G9: Ram-Postcopy-Requests | H9: Ram-Dirty-Sync-Count | I9: Ram-Remaining | J9: Ram-Mbps | K9: Ram-Transferred | L9: Ram-Duplicate | M9: Ram-Dirty-Pages-Rate | N9: Ram-Skipped | O9: Ram-Normal-Bytes | P9: Ram-Normal | Q9: Total-Fake-Dirty-Pages | R9: Total-Transferred-Page-Count
A10: 1 | B10: 3 | C10: 34 | D10: 31 | E10: 20196 | F10: 2165121024 | G10: 0 | H10: 5 | I10: 0 | J10: 891.57268 | K10: 2246773654 | L10: 12061 | M10: 0 | N10: 0 | O10: 2241437696 | P10: 547226 | Q10: 53099 | R10: 561931
A11: 2 | B11: 3 | C11: 34 | D11: 24 | E11: 20193 | F11: 2165121024 | G11: 0 | H11: 5 | I11: 0 | J11: 895.62281 | K11: 2256645143 | L11: 11271 | M11: 0 | N11: 0 | O11: 2251456512 | P11: 549672 | Q11: 47527 | R11: 562909
A12: 3 | B12: 3 | C12: 34 | D12: 47 | E12: 20149 | F12: 2165121024 | G12: 0 | H12: 5 | I12: 0 | J12: 894.07862 | K12: 2247836536 | L12: 12113 | M12: 0 | N12: 0 | O12: 2242220032 | P12: 547417 | Q12: 48756 | R12: 562803
A13: Average | B13: =AVERAGE(B10:B12) -> 3 | C13: =AVERAGE(C10:C12) -> 34 | D13: =AVERAGE(D10:D12) -> 34 | E13: =AVERAGE(E10:E12) -> 20179.333 | F13: =AVERAGE(F10:F12) -> 2165121024 | G13: =AVERAGE(G10:G12) -> 0 | H13: =AVERAGE(H10:H12) -> 5 | I13: =AVERAGE(I10:I12) -> 0 | ... R13: =AVERAGE(R10:R12) -> 562547.67
A15: RAM | B15: 4096
A16: Experiment | B16: Iterations | C16: Setup-Time | D16: Downtime | E16: Total-Time | F16: Ram-Total | G16: Ram-Postcopy-Requests | H16: Ram-Dirty-Sync-Count | I16: Ram-Remaining | J16: Ram-Mbps | K16: Ram-Transferred | L16: Ram-Duplicate | M16: Ram-Dirty-Pages-Rate | N16: Ram-Skipped | O16: Ram-Normal-Bytes | P16: Ram-Normal | Q16: Total-Fake-Dirty-Pages | R16: Total-Transferred-Page-Count
A17: 1 | B17: 4 | C17: 36 | D17: 58 | E17: 34502 | F17: 4312604672 | G17: 0 | H17: 6 | I17: 0 | J17: 779.45603 | K17: 3357879045 | L17: 305516 | M17: 0 | N17: 0 | O17: 3346358272 | P17: 816982 | Q17: 141946 | R17: 1130519
A18: 2 | B18: 3 | C18: 37 | D18: 85 | E18: 33852 | F18: 4312604672 | G18: 0 | H18: 5 | I18: 0 | J18: 815.02955 | K18: 3444815646 | L18: 294747 | M18: 0 | N18: 0 | O18: 3433570304 | P18: 838274 | Q18: 54379 | R18: 1138873
A19: 3 | B19: 3 | C19: 36 | D19: 72 | E19: 34696 | F19: 4312604672 | G19: 0 | H19: 5 | I19: 0 | J19: 829.97741 | K19: 3595664746 | L19: 261948 | M19: 0 | N19: 0 | O19: 3584512000 | P19: 875125 | Q19: 56228 | R19: 1142313
A20: Average | B20: =AVERAGE(B17:B19) -> 3.3333333 | C20: =AVERAGE(C17:C19) -> 36.333333 | D20: =AVERAGE(D17:D19) -> 71.666667 | E20: =AVERAGE(E17:E19) -> 34350 | F20: =AVERAGE(F17:F19) -> 4312604672 | G20: =AVERAGE(G17:G19) -> 0 | H20: =AVERAGE(H17:H19) -> 5.3333333 | I20: =AVERAGE(I17:I19) -> 0 | ... R20: =AVERAGE(R17:R19) -> 1137235
A22: RAM | B22: 8192
A23: Experiment | B23: Iterations | C23: Setup-Time | D23: Downtime | E23: Total-Time | F23: Ram-Total | G23: Ram-Postcopy-Requests | H23: Ram-Dirty-Sync-Count | I23: Ram-Remaining | J23: Ram-Mbps | K23: Ram-Transferred | L23: Ram-Duplicate | M23: Ram-Dirty-Pages-Rate | N23: Ram-Skipped | O23: Ram-Normal-Bytes | P23: Ram-Normal | Q23: Total-Fake-Dirty-Pages | R23: Total-Transferred-Page-Count
A24: 1 | B24: 4 | C24: 37 | D24: 40 | E24: 50231 | F24: 8607571968 | G24: 0 | H24: 6 | I24: 0 | J24: 603.36233 | K24: 3785433692 | L24: 1281068 | M24: 0 | N24: 0 | O24: 3763830784 | P24: 918904 | Q24: 107791 | R24: 2207805
A25: 2 | B25: 4 | C25: 36 | D25: 47 | E25: 50257 | F25: 8607571968 | G25: 0 | H25: 6 | I25: 0 | J25: 576.94139 | K25: 3621609264 | L25: 1305328 | M25: 0 | N25: 0 | O25: 3600064512 | P25: 878922 | Q25: 184503 | R25: 2192235
A26: 3 | B26: 4 | C26: 37 | D26: 32 | E26: 50176 | F26: 8607571968 | G26: 0 | H26: 6 | I26: 0 | J26: 617.62355 | K26: 3870665969 | L26: 1247929 | M26: 0 | N26: 0 | O26: 3849609216 | P26: 939846 | Q26: 96177 | R26: 2193676
A27: Average | B27: =AVERAGE(B24:B26) -> 4 | C27: =AVERAGE(C24:C26) -> 36.666667 | D27: =AVERAGE(D24:D26) -> 39.666667 | E27: =AVERAGE(E24:E26) -> 50221.333 | F27: =AVERAGE(F24:F26) -> 8607571968 | G27: =AVERAGE(G24:G26) -> 0 | H27: =AVERAGE(H24:H26) -> 6 | I27: =AVERAGE(I24:I26) -> 0 | ... R27: =AVERAGE(R24:R26) -> 2197905.3
A29: RAM | B29: 12288
A30: Experiment | B30: Iterations | C30: Setup-Time | D30: Downtime | E30: Total-Time | F30: Ram-Total | G30: Ram-Postcopy-Requests | H30: Ram-Dirty-Sync-Count | I30: Ram-Remaining | J30: Ram-Mbps | K30: Ram-Transferred | L30: Ram-Duplicate | M30: Ram-Dirty-Pages-Rate | N30: Ram-Skipped | O30: Ram-Normal-Bytes | P30: Ram-Normal | Q30: Total-Fake-Dirty-Pages | R30: Total-Transferred-Page-Count
A31: 1 | B31: 5 | C31: 38 | D31: 202 | E31: 65818 | F31: 12902539264 | G31: 0 | H31: 7 | I31: 0 | J31: 480.23421 | K31: 3948513100 | L31: 2293841 | M31: 0 | N31: 0 | O31: 3914354688 | P31: 955653 | Q31: 200581 | R31: 3259437
A32: 2 | B32: 4 | C32: 38 | D32: 39 | E32: 65211 | F32: 12902539264 | G32: 0 | H32: 6 | I32: 0 | J32: 482.09622 | K32: 3927244741 | L32: 2304523 | M32: 0 | N32: 0 | O32: 3896184832 | P32: 951217 | Q32: 186231 | R32: 3263931
A33: 3 | B33: 4 | C33: 39 | D33: 47 | E33: 65456 | F33: 12902539264 | G33: 0 | H33: 6 | I33: 0 | J33: 480.13301 | K33: 3925895210 | L33: 2306424 | M33: 0 | N33: 0 | O33: 3894456320 | P33: 950795 | Q33: 118109 | R33: 3265135
A34: Average | B34: =AVERAGE(B31:B33) -> 4.3333333 | C34: =AVERAGE(C31:C33) -> 38.333333 | D34: =AVERAGE(D31:D33) -> 96 | E34: =AVERAGE(E31:E33) -> 65495 | F34: =AVERAGE(F31:F33) -> 12902539264 | G34: =AVERAGE(G31:G33) -> 0 | H34: =AVERAGE(H31:H33) -> 6.3333333 | I34: =AVERAGE(I31:I33) -> 0 | ... R34: =AVERAGE(R31:R33) -> 3262834.3
A36: RAM | B36: 16384
A37: Experiment | B37: Iterations | C37: Setup-Time | D37: Downtime | E37: Total-Time | F37: Ram-Total | G37: Ram-Postcopy-Requests | H37: Ram-Dirty-Sync-Count | I37: Ram-Remaining | J37: Ram-Mbps | K37: Ram-Transferred | L37: Ram-Duplicate | M37: Ram-Dirty-Pages-Rate | N37: Ram-Skipped | O37: Ram-Normal-Bytes | P37: Ram-Normal | Q37: Total-Fake-Dirty-Pages | R37: Total-Transferred-Page-Count
A38: 1 | B38: 6 | C38: 40 | D38: 111 | E38: 83029 | F38: 17197506560 | G38: 0 | H38: 8 | I38: 0 | J38: 449.83306 | K38: 4666187053 | L38: 3192092 | M38: 0 | N38: 0 | O38: 4618993664 | P38: 1127684 | Q38: 219823 | R38: 4332466
A39: 2 | B39: 7 | C39: 42 | D39: 88 | E39: 82886 | F39: 17197506560 | G39: 0 | H39: 9 | I39: 0 | J39: 414.1805 | K39: 4288833443 | L39: 3289009 | M39: 0 | N39: 0 | O39: 4241215488 | P39: 1035453 | Q39: 285243 | R39: 4340002
A40: 3 | B40: 4 | C40: 40 | D40: 92 | E40: 83855 | F40: 17197506560 | G40: 0 | H40: 6 | I40: 0 | J40: 437.04975 | K40: 4578703183 | L40: 3236109 | M40: 0 | N40: 0 | O40: 4537966592 | P40: 1107902 | Q40: 207849 | R40: 4352796
A41: Average | B41: =AVERAGE(B38:B40) -> 5.6666667 | C41: =AVERAGE(C38:C40) -> 40.666667 | D41: =AVERAGE(D38:D40) -> 97 | E41: =AVERAGE(E38:E40) -> 83256.667 | F41: =AVERAGE(F38:F40) -> 17197506560 | G41: =AVERAGE(G38:G40) -> 0 | H41: =AVERAGE(H38:H40) -> 7.6666667 | I41: =AVERAGE(I38:I40) -> 0 | ... R41: =AVERAGE(R38:R40) -> 4341754.7

Sheet XBZRLE_HBFDP_Murmur3
A1: RAM | B1: 1024
A2: Experiment | B2: Iterations | C2: Setup-Time | D2: Downtime | E2: Total-Time | F2: Ram-Total | G2: Ram-Postcopy-Requests | H2: Ram-Dirty-Sync-Count | I2: Ram-Remaining | J2: Ram-Mbps | K2: Ram-Transferred | L2: Ram-Duplicate | M2: Ram-Dirty-Pages-Rate | N2: Ram-Skipped | O2: Ram-Normal-Bytes | P2: Ram-Normal | Q2: Total-Fake-Dirty-Pages | R2: Total-Transferred-Page-Count
A3: 1 | B3: 2 | C3: 34 | D3: 98 | E3: 10388 | F3: 1091379200 | G3: 0 | H3: 4 | I3: 0 | J3: 874.20614 | K3: 1131228937 | L3: 11886 | M3: 0 | N3: 0 | O3: 1128660992 | P3: 275552 | Q3: 26984 | R3: 288546
A4: 2 | B4: 2 | C4: 34 | D4: 76 | E4: 10378 | F4: 1091379200 | G4: 0 | H4: 4 | I4: 0 | J4: 860.65391 | K4: 1112613145 | L4: 11220 | M4: 0 | N4: 0 | O4: 1110048768 | P4: 271008 | Q4: 32784 | R4: 283433
A5: 3 | B5: 2 | C5: 33 | D5: 69 | E5: 10342 | F5: 1091379200 | G5: 0 | H5: 4 | I5: 0 | J5: 875.25045 | K5: 1127657248 | L5: 11205 | M5: 0 | N5: 0 | O5: 1125138432 | P5: 274692 | Q5: 29569 | R5: 287109
A6: Average | B6: =AVERAGE(B3:B5) -> 2 | C6: =AVERAGE(C3:C5) -> 33.666667 | D6: =AVERAGE(D3:D5) -> 81 | E6: =AVERAGE(E3:E5) -> 10369.333 | F6: =AVERAGE(F3:F5) -> 1091379200 | G6: =AVERAGE(G3:G5) -> 0 | H6: =AVERAGE(H3:H5) -> 4 | I6: =AVERAGE(I3:I5) -> 0 | ... R6: =AVERAGE(R3:R5) -> 286362.67
A8: RAM | B8: 2048
A9: Experiment | B9: Iterations | C9: Setup-Time | D9: Downtime | E9: Total-Time | F9: Ram-Total | G9: Ram-Postcopy-Requests | H9: Ram-Dirty-Sync-Count | I9: Ram-Remaining | J9: Ram-Mbps | K9: Ram-Transferred | L9: Ram-Duplicate | M9: Ram-Dirty-Pages-Rate | N9: Ram-Skipped | O9: Ram-Normal-Bytes | P9: Ram-Normal | Q9: Total-Fake-Dirty-Pages | R9: Total-Transferred-Page-Count
A10: 1 | B10: 3 | C10: 34 | D10: 49 | E10: 20117 | F10: 2165121024 | G10: 0 | H10: 5 | I10: 0 | J10: 895.86919 | K10: 2248755234 | L10: 11520 | M10: 0 | N10: 0 | O10: 2243592192 | P10: 547752 | Q10: 48833 | R10: 561713
A11: 2 | B11: 3 | C11: 36 | D11: 42 | E11: 20054 | F11: 2165121024 | G11: 0 | H11: 5 | I11: 0 | J11: 888.74039 | K11: 2223638256 | L11: 11832 | M11: 0 | N11: 0 | O11: 2218401792 | P11: 541602 | Q11: 48090 | R11: 555815
A12: 3 | B12: 3 | C12: 33 | D12: 124 | E12: 20106 | F12: 2165121024 | G12: 0 | H12: 5 | I12: 0 | J12: 891.87839 | K12: 2237621992 | L12: 12082 | M12: 0 | N12: 0 | O12: 2232475648 | P12: 545038 | Q12: 45080 | R12: 559146
A13: Average | B13: =AVERAGE(B10:B12) -> 3 | C13: =AVERAGE(C10:C12) -> 34.333333 | D13: =AVERAGE(D10:D12) -> 71.666667 | E13: =AVERAGE(E10:E12) -> 20092.333 | F13: =AVERAGE(F10:F12) -> 2165121024 | G13: =AVERAGE(G10:G12) -> 0 | H13: =AVERAGE(H10:H12) -> 5 | I13: =AVERAGE(I10:I12) -> 0 | ... R13: =AVERAGE(R10:R12) -> 558891.33
A15: RAM | B15: 4096
A16: Experiment | B16: Iterations | C16: Setup-Time | D16: Downtime | E16: Total-Time | F16: Ram-Total | G16: Ram-Postcopy-Requests | H16: Ram-Dirty-Sync-Count | I16: Ram-Remaining | J16: Ram-Mbps | K16: Ram-Transferred | L16: Ram-Duplicate | M16: Ram-Dirty-Pages-Rate | N16: Ram-Skipped | O16: Ram-Normal-Bytes | P16: Ram-Normal | Q16: Total-Fake-Dirty-Pages | R16: Total-Transferred-Page-Count
A17: 1 | B17: 4 | C17: 36 | D17: 58 | E17: 36568 | F17: 4312604672 | G17: 0 | H17: 6 | I17: 0 | J17: 792.85945 | K17: 3620380261 | L17: 258772 | M17: 0 | N17: 0 | O17: 3607298048 | P17: 880688 | Q17: 110637 | R17: 1148160
A18: 2 | B18: 4 | C18: 37 | D18: 51 | E18: 35735 | F18: 4312604672 | G18: 0 | H18: 6 | I18: 0 | J18: 785.6596 | K18: 3505597157 | L18: 287594 | M18: 0 | N18: 0 | O18: 3494035456 | P18: 853036 | Q18: 144395 | R18: 1149074
A19: 3 | B19: 4 | C19: 36 | D19: 57 | E19: 35889 | F19: 4312604672 | G19: 0 | H19: 6 | I19: 0 | J19: 771.69023 | K19: 3458213822 | L19: 296649 | M19: 0 | N19: 0 | O19: 3446923264 | P19: 841534 | Q19: 162476 | R19: 1146735
A20: Average | B20: =AVERAGE(B17:B19) -> 4 | C20: =AVERAGE(C17:C19) -> 36.333333 | D20: =AVERAGE(D17:D19) -> 55.333333 | E20: =AVERAGE(E17:E19) -> 36064 | F20: =AVERAGE(F17:F19) -> 4312604672 | G20: =AVERAGE(G17:G19) -> 0 | H20: =AVERAGE(H17:H19) -> 6 | I20: =AVERAGE(I17:I19) -> 0 | ... R20: =AVERAGE(R17:R19) -> 1147989.7
A22: RAM | B22: 8192
A23: Experiment | B23: Iterations | C23: Setup-Time | D23: Downtime | E23: Total-Time | F23: Ram-Total | G23: Ram-Postcopy-Requests | H23: Ram-Dirty-Sync-Count | I23: Ram-Remaining | J23: Ram-Mbps | K23: Ram-Transferred | L23: Ram-Duplicate | M23: Ram-Dirty-Pages-Rate | N23: Ram-Skipped | O23: Ram-Normal-Bytes | P23: Ram-Normal | Q23: Total-Fake-Dirty-Pages | R23: Total-Transferred-Page-Count
A24: 1 | B24: 4 | C24: 39 | D24: 39 | E24: 52212 | F24: 8607571968 | G24: 0 | H24: 6 | I24: 0 | J24: 580.71188 | K24: 3786972684 | L24: 1284077 | M24: 0 | N24: 0 | O24: 3765673984 | P24: 919354 | Q24: 94305 | R24: 2211328
A25: 2 | B25: 4 | C25: 36 | D25: 40 | E25: 52120 | F25: 8607571968 | G25: 0 | H25: 6 | I25: 0 | J25: 592.79682 | K25: 3859191317 | L25: 1266248 | M25: 0 | N25: 0 | O25: 3838062592 | P25: 937027 | Q25: 133986 | R25: 2211133
A26: 3 | B26: 4 | C26: 36 | D26: 79 | E26: 52236 | F26: 8607571968 | G26: 0 | H26: 6 | I26: 0 | J26: 565.92822 | K26: 3692469240 | L26: 1306554 | M26: 0 | N26: 0 | O26: 3670573056 | P26: 896136 | Q26: 214973 | R26: 2212222
A27: Average | B27: =AVERAGE(B24:B26) -> 4 | C27: =AVERAGE(C24:C26) -> 37 | D27: =AVERAGE(D24:D26) -> 52.666667 | E27: =AVERAGE(E24:E26) -> 52189.333 | F27: =AVERAGE(F24:F26) -> 8607571968 | G27: =AVERAGE(G24:G26) -> 0 | H27: =AVERAGE(H24:H26) -> 6 | I27: =AVERAGE(I24:I26) -> 0 | ... R27: =AVERAGE(R24:R26) -> 2211561
A29: RAM | B29: 12288
A30: Experiment | B30: Iterations | C30: Setup-Time | D30: Downtime | E30: Total-Time | F30: Ram-Total | G30: Ram-Postcopy-Requests | H30: Ram-Dirty-Sync-Count | I30: Ram-Remaining | J30: Ram-Mbps | K30: Ram-Transferred | L30: Ram-Duplicate | M30: Ram-Dirty-Pages-Rate | N30: Ram-Skipped | O30: Ram-Normal-Bytes | P30: Ram-Normal | Q30: Total-Fake-Dirty-Pages | R30: Total-Transferred-Page-Count
A31: 1 | B31: 4 | C31: 39 | D31: 73 | E31: 67776 | F31: 12902539264 | G31: 0 | H31: 6 | I31: 0 | J31: 480.8546 | K31: 4071243637 | L31: 2275294 | M31: 0 | N31: 0 | O31: 4040683520 | P31: 986495 | Q31: 106773 | R31: 3269998
A32: 2 | B32: 4 | C32: 38 | D32: 98 | E32: 67448 | F32: 12902539264 | G32: 0 | H32: 6 | I32: 0 | J32: 468.47686 | K32: 3947290736 | L32: 2299978 | M32: 0 | N32: 0 | O32: 3916488704 | P32: 956174 | Q32: 182900 | R32: 3264414
A33: 3 | B33: 5 | C33: 40 | D33: 63 | E33: 67619 | F33: 12902539264 | G33: 0 | H33: 7 | I33: 0 | J33: 455.31403 | K33: 3845995879 | L33: 2321653 | M33: 0 | N33: 0 | O33: 3814207488 | P33: 931203 | Q33: 258840 | R33: 3264477
A34: Average | B34: =AVERAGE(B31:B33) -> 4.3333333 | C34: =AVERAGE(C31:C33) -> 39 | D34: =AVERAGE(D31:D33) -> 78 | E34: =AVERAGE(E31:E33) -> 67614.333 | F34: =AVERAGE(F31:F33) -> 12902539264 | G34: =AVERAGE(G31:G33) -> 0 | H34: =AVERAGE(H31:H33) -> 6.3333333 | I34: =AVERAGE(I31:I33) -> 0 | ... R34: =AVERAGE(R31:R33) -> 3266296.3
A36: RAM | B36: 16384
A37: Experiment | B37: Iterations | C37: Setup-Time | D37: Downtime | E37: Total-Time | F37: Ram-Total | G37: Ram-Postcopy-Requests | H37: Ram-Dirty-Sync-Count | I37: Ram-Remaining | J37: Ram-Mbps | K37: Ram-Transferred | L37: Ram-Duplicate | M37: Ram-Dirty-Pages-Rate | N37: Ram-Skipped | O37: Ram-Normal-Bytes | P37: Ram-Normal | Q37: Total-Fake-Dirty-Pages | R37: Total-Transferred-Page-Count
A38: 1 | B38: 11 | C38: 39 | D38: 112 | E38: 86731 | F38: 17197506560 | G38: 0 | H38: 13 | I38: 0 | J38: 401.49272 | K38: 4350563038 | L38: 3283989 | M38: 0 | N38: 0 | O38: 4300595200 | P38: 1049950 | Q38: 202312 | R38: 4351677
A39: 2 | B39: 5 | C39: 39 | D39: 100 | E39: 85749 | F39: 17197506560 | G39: 0 | H39: 7 | I39: 0 | J39: 421.40624 | K39: 4514628700 | L39: 3226611 | M39: 0 | N39: 0 | O39: 4471783424 | P39: 1091744 | Q39: 177891 | R39: 4327620
A40: 3 | B40: 5 | C40: 41 | D40: 122 | E40: 86729 | F40: 17197506560 | G40: 0 | H40: 7 | I40: 0 | J40: 390.65534 | K40: 4232928814 | L40: 3304879 | M40: 0 | N40: 0 | O40: 4190281728 | P40: 1023018 | Q40: 241090 | R40: 4339288
A41: Average | B41: =AVERAGE(B38:B40) -> 7 | C41: =AVERAGE(C38:C40) -> 39.666667 | D41: =AVERAGE(D38:D40) -> 111.33333 | E41: =AVERAGE(E38:E40) -> 86403 | F41: =AVERAGE(F38:F40) -> 17197506560 | G41: =AVERAGE(G38:G40) -> 0 | H41: =AVERAGE(H38:H40) -> 9 | I41: =AVERAGE(I38:I40) -> 0 | ... R41: =AVERAGE(R38:R40) -> 4339528.3

Sheet Compress_HBFDP_SHA1
A1: RAM | B1: 1024
A2: Experiment | B2: Iterations | C2: Setup-Time | D2: Downtime | E2: Total-Time | F2: Ram-Total | G2: Ram-Postcopy-Requests | H2: Ram-Dirty-Sync-Count | I2: Ram-Remaining | J2: Ram-Mbps | K2: Ram-Transferred | L2: Ram-Duplicate | M2: Ram-Dirty-Pages-Rate | N2: Ram-Skipped | O2: Ram-Normal-Bytes | P2: Ram-Normal | Q2: Total-Fake-Dirty-Pages | R2: Total-Transferred-Page-Count
A3: 1 | B3: 2 | C3: 2 | D3: 109 | E3: 6511 | F3: 1091379200 | G3: 0 | H3: 4 | I3: 0 | J3: 833.44843 | K3: 677902120 | L3: 8811 | M3: 0 | N3: 0 | O3: 32768 | P3: 8 | Q3: 16431 | R3: 275745
A4: 2 | B4: 2 | C4: 3 | D4: 489 | E4: 6754 | F4: 1091379200 | G4: 0 | H4: 4 | I4: 0 | J4: 795.3354 | K4: 670951303 | L4: 11594 | M4: 0 | N4: 0 | O4: 32768 | P4: 8 | Q4: 13706 | R4: 276081
A5: 3 | B5: 2 | C5: 2 | D5: 131 | E5: 6769 | F5: 1091379200 | G5: 0 | H5: 4 | I5: 0 | J5: 806.43261 | K5: 681928829 | L5: 11765 | M5: 0 | N5: 0 | O5: 32768 | P5: 8 | Q5: 18264 | R5: 278890
A6: Average | B6: =AVERAGE(B3:B5) -> 2 | C6: =AVERAGE(C3:C5) -> 2.3333333 | D6: =AVERAGE(D3:D5) -> 243 | E6: =AVERAGE(E3:E5) -> 6678 | F6: =AVERAGE(F3:F5) -> 1091379200 | G6: =AVERAGE(G3:G5) -> 0 | H6: =AVERAGE(H3:H5) -> 4 | I6: =AVERAGE(I3:I5) -> 0 | ... R6: =AVERAGE(R3:R5) -> 276905.33
A8: RAM | B8: 2048
A9: Experiment | B9: Iterations | C9: Setup-Time | D9: Downtime | E9: Total-Time | F9: Ram-Total | G9: Ram-Postcopy-Requests | H9: Ram-Dirty-Sync-Count | I9: Ram-Remaining | J9: Ram-Mbps | K9: Ram-Transferred | L9: Ram-Duplicate | M9: Ram-Dirty-Pages-Rate | N9: Ram-Skipped | O9: Ram-Normal-Bytes | P9: Ram-Normal | Q9: Total-Fake-Dirty-Pages | R9: Total-Transferred-Page-Count
A10: 1 | B10: 3 | C10: 2 | D10: 48 | E10: 14239 | F10: 2165121024 | G10: 0 | H10: 5 | I10: 0 | J10: 829.18088 | K10: 1475418638 | L10: 11640 | M10: 0 | N10: 0 | O10: 28672 | P10: 7 | Q10: 46295 | R10: 561669
A11: 2 | B11: 3 | C11: 2 | D11: 94 | E11: 14290 | F11: 2165121024 | G11: 0 | H11: 5 | I11: 0 | J11: 823.00147 | K11: 1469668244 | L11: 11877 | M11: 0 | N11: 0 | O11: 28672 | P11: 7 | Q11: 39392 | R11: 561247
A12: 3 | B12: 3 | C12: 3 | D12: 30 | E12: 14399 | F12: 2165121024 | G12: 0 | H12: 5 | I12: 0 | J12: 816.11663 | K12: 1468389492 | L12: 11796 | M12: 0 | N12: 0 | O12: 28672 | P12: 7 | Q12: 29088 | R12: 560692
A13: Average | B13: =AVERAGE(B10:B12) -> 3 | C13: =AVERAGE(C10:C12) -> 2.3333333 | D13: =AVERAGE(D10:D12) -> 57.333333 | E13: =AVERAGE(E10:E12) -> 14309.333 | F13: =AVERAGE(F10:F12) -> 2165121024 | G13: =AVERAGE(G10:G12) -> 0 | H13: =AVERAGE(H10:H12) -> 5 | I13: =AVERAGE(I10:I12) -> 0 | ... R13: =AVERAGE(R10:R12) -> 561202.67
A15: RAM | B15: 4096
A16: Experiment | B16: Iterations | C16: Setup-Time | D16: Downtime | E16: Total-Time | F16: Ram-Total | G16: Ram-Postcopy-Requests | H16: Ram-Dirty-Sync-Count | I16: Ram-Remaining | J16: Ram-Mbps | K16: Ram-Transferred | L16: Ram-Duplicate | M16: Ram-Dirty-Pages-Rate | N16: Ram-Skipped | O16: Ram-Normal-Bytes | P16: Ram-Normal | Q16: Total-Fake-Dirty-Pages | R16: Total-Transferred-Page-Count
A17: 1 | B17: 4 | C17: 4 | D17: 48 | E17: 25712 | F17: 4312604672 | G17: 0 | H17: 6 | I17: 0 | J17: 638.4595 | K17: 2051477200 | L17: 280945 | M17: 0 | N17: 0 | O17: 28672 | P17: 7 | Q17: 94408 | R17: 1105439
A18: 2 | B18: 4 | C18: 3 | D18: 131 | E18: 25881 | F18: 4312604672 | G18: 0 | H18: 6 | I18: 0 | J18: 644.05707 | K18: 2083151209 | L18: 275609 | M18: 0 | N18: 0 | O18: 28672 | P18: 7 | Q18: 127302 | R18: 1110823
A19: 3 | B19: 4 | C19: 4 | D19: 42 | E19: 25715 | F19: 4312604672 | G19: 0 | H19: 6 | I19: 0 | J19: 616.13145 | K19: 1979957062 | L19: 312649 | M19: 0 | N19: 0 | O19: 28672 | P19: 7 | Q19: 118504 | R19: 1113608
A20: Average | B20: =AVERAGE(B17:B19) -> 4 | C20: =AVERAGE(C17:C19) -> 3.6666667 | D20: =AVERAGE(D17:D19) -> 73.666667 | E20: =AVERAGE(E17:E19) -> 25769.333 | F20: =AVERAGE(F17:F19) -> 4312604672 | G20: =AVERAGE(G17:G19) -> 0 | H20: =AVERAGE(H17:H19) -> 6 | I20: =AVERAGE(I17:I19) -> 0 | ... R20: =AVERAGE(R17:R19) -> 1109956.7
A22: RAM | B22: 8192
A23: Experiment | B23: Iterations | C23: Setup-Time | D23: Downtime | E23: Total-Time | F23: Ram-Total | G23: Ram-Postcopy-Requests | H23: Ram-Dirty-Sync-Count | I23: Ram-Remaining | J23: Ram-Mbps | K23: Ram-Transferred | L23: Ram-Duplicate | M23: Ram-Dirty-Pages-Rate | N23: Ram-Skipped | O23: Ram-Normal-Bytes | P23: Ram-Normal | Q23: Total-Fake-Dirty-Pages | R23: Total-Transferred-Page-Count
A24: 1 | B24: 4 | C24: 6 | D24: 105 | E24: 43260 | F24: 8607571968 | G24: 0 | H24: 6 | I24: 0 | J24: 408.7247 | K24: 2209659601 | L24: 1281681 | M24: 0 | N24: 0 | O24: 53248 | P24: 13 | Q24: 169656 | R24: 2178371
A25: 2 | B25: 4 | C25: 6 | D25: 72 | E25: 43587 | F25: 8607571968 | G25: 0 | H25: 6 | I25: 0 | J25: 407.9654 | K25: 2222230083 | L25: 1277285 | M25: 0 | N25: 0 | O25: 28672 | P25: 7 | Q25: 145050 | R25: 2172796
A26: 3 | B26: 4 | C26: 5 | D26: 88 | E26: 43390 | F26: 8607571968 | G26: 0 | H26: 6 | I26: 0 | J26: 406.12298 | K26: 2202243268 | L26: 1268589 | M26: 0 | N26: 0 | O26: 28672 | P26: 7 | Q26: 157025 | R26: 2173464
A27: Average | B27: =AVERAGE(B24:B26) -> 4 | C27: =AVERAGE(C24:C26) -> 5.6666667 | D27: =AVERAGE(D24:D26) -> 88.333333 | E27: =AVERAGE(E24:E26) -> 43412.333 | F27: =AVERAGE(F24:F26) -> 8607571968 | G27: =AVERAGE(G24:G26) -> 0 | H27: =AVERAGE(H24:H26) -> 6 | I27: =AVERAGE(I24:I26) -> 0 | ... R27: =AVERAGE(R24:R26) -> 2174877
A29: RAM | B29: 12288
A30: Experiment | B30: Iterations | C30: Setup-Time | D30: Downtime | E30: Total-Time | F30: Ram-Total | G30: Ram-Postcopy-Requests | H30: Ram-Dirty-Sync-Count | I30: Ram-Remaining | J30: Ram-Mbps | K30: Ram-Transferred | L30: Ram-Duplicate | M30: Ram-Dirty-Pages-Rate | N30: Ram-Skipped | O30: Ram-Normal-Bytes | P30: Ram-Normal | Q30: Total-Fake-Dirty-Pages | R30: Total-Transferred-Page-Count
A31: 1 | B31: 4 | C31: 8 | D31: 56 | E31: 61483 | F31: 12902539264 | G31: 0 | H31: 6 | I31: 0 | J31: 311.38331 | K31: 2392573690 | L31: 2250716 | M31: 0 | N31: 0 | O31: 28672 | P31: 7 | Q31: 116299 | R31: 3227860
A32: 2 | B32: 4 | C32: 7 | D32: 79 | E32: 62595 | F32: 12902539264 | G32: 0 | H32: 6 | I32: 0 | J32: 314.11677 | K32: 2457280158 | L32: 2250349 | M32: 0 | N32: 0 | O32: 36864 | P32: 9 | Q32: 168115 | R32: 3241455
A33: 3 | B33: 4 | C33: 8 | D33: 59 | E33: 61945 | F33: 12902539264 | G33: 0 | H33: 6 | I33: 0 | J33: 302.30185 | K33: 2340246333 | L33: 2276106 | M33: 0 | N33: 0 | O33: 28672 | P33: 7 | Q33: 166324 | R33: 3227619
A34: Average | B34: =AVERAGE(B31:B33) -> 4 | C34: =AVERAGE(C31:C33) -> 7.6666667 | D34: =AVERAGE(D31:D33) -> 64.666667 | E34: =AVERAGE(E31:E33) -> 62007.667 | F34: =AVERAGE(F31:F33) -> 12902539264 | G34: =AVERAGE(G31:G33) -> 0 | H34: =AVERAGE(H31:H33) -> 6 | I34: =AVERAGE(I31:I33) -> 0 | ... R34: =AVERAGE(R31:R33) -> 3232311.3
A36: RAM | B36: 16384
A37: Experiment | B37: Iterations | C37: Setup-Time | D37: Downtime | E37: Total-Time | F37: Ram-Total | G37: Ram-Postcopy-Requests | H37: Ram-Dirty-Sync-Count | I37: Ram-Remaining | J37: Ram-Mbps | K37: Ram-Transferred | L37: Ram-Duplicate | M37: Ram-Dirty-Pages-Rate | N37: Ram-Skipped | O37: Ram-Normal-Bytes | P37: Ram-Normal | Q37: Total-Fake-Dirty-Pages | R37: Total-Transferred-Page-Count
A38: 1 | B38: 5 | C38: 9 | D38: 100 | E38: 80278 | F38: 17197506560 | G38: 0 | H38: 7 | I38: 0 | J38: 268.34088 | K38: 2692219044 | L38: 3193054 | M38: 0 | N38: 0 | O38: 53248 | P38: 13 | Q38: 203898 | R38: 4281107
A39: 2 | B39: 5 | C39: 9 | D39: 89 | E39: 79999 | F39: 17197506560 | G39: 0 | H39: 7 | I39: 0 | J39: 255.41498 | K39: 2553618115 | L39: 3268606 | M39: 0 | N39: 0 | O39: 28672 | P39: 7 | Q39: 191349 | R39: 4305746
A40: 3 | B40: 6 | C40: 10 | D40: 81 | E40: 80165 | F40: 17197506560 | G40: 0 | H40: 8 | I40: 0 | J40: 249.67394 | K40: 2501364406 | L40: 3280589 | M40: 0 | N40: 0 | O40: 53248 | P40: 13 | Q40: 205661 | R40: 4304734
A41: Average | B41: =AVERAGE(B38:B40) -> 5.3333333 | C41: =AVERAGE(C38:C40) -> 9.3333333 | D41: =AVERAGE(D38:D40) -> 90 | E41: =AVERAGE(E38:E40) -> 80147.333 | F41: =AVERAGE(F38:F40) -> 17197506560 | G41: =AVERAGE(G38:G40) -> 0 | H41: =AVERAGE(H38:H40) -> 7.3333333 | I41: =AVERAGE(I38:I40) -> 0 | ... R41: =AVERAGE(R38:R40) -> 4297195.7

Sheet Compress_HBFDP_MD5
A1: RAM | B1: 1024
A2: Experiment | B2: Iterations | C2: Setup-Time | D2: Downtime | E2: Total-Time | F2: Ram-Total | G2: Ram-Postcopy-Requests | H2: Ram-Dirty-Sync-Count | I2: Ram-Remaining | J2: Ram-Mbps | K2: Ram-Transferred | L2: Ram-Duplicate | M2: Ram-Dirty-Pages-Rate | N2: Ram-Skipped | O2: Ram-Normal-Bytes | P2: Ram-Normal | Q2: Total-Fake-Dirty-Pages | R2: Total-Transferred-Page-Count
A3: 1 | B3: 2 | C3: 2 | D3: 49 | E3: 6309 | F3: 1091379200 | G3: 0 | H3: 4 | I3: 0 | J3: 854.55599 | K3: 673498224 | L3: 11239 | M3: 0 | N3: 0 | O3: 32768 | P3: 8 | Q3: 14718 | R3: 276772
A4: 2 | B4: 2 | C4: 3 | D4: 70 | E4: 6340 | F4: 1091379200 | G4: 0 | H4: 4 | I4: 0 | J4: 834.36876 | K4: 660711993 | L4: 11431 | M4: 0 | N4: 0 | O4: 32768 | P4: 8 | Q4: 13897 | R4: 276606
A5: 3 | B5: 2 | C5: 2 | D5: 266 | E5: 6431 | F5: 1091379200 | G5: 0 | H5: 4 | I5: 0 | J5: 817.06437 | K5: 656400999 | L5: 10851 | M5: 0 | N5: 0 | O5: 28672 | P5: 7 | Q5: 17835 | R5: 277501
A6: Average | B6: =AVERAGE(B3:B5) -> 2 | C6: =AVERAGE(C3:C5) -> 2.3333333 | D6: =AVERAGE(D3:D5) -> 128.33333 | E6: =AVERAGE(E3:E5) -> 6360 | F6: =AVERAGE(F3:F5) -> 1091379200 | G6: =AVERAGE(G3:G5) -> 0 | H6: =AVERAGE(H3:H5) -> 4 | I6: =AVERAGE(I3:I5) -> 0 | ... R6: =AVERAGE(R3:R5) -> 276959.67
A8: RAM | B8: 2048
A9: Experiment | B9: Iterations | C9: Setup-Time | D9: Downtime | E9: Total-Time | F9: Ram-Total | G9: Ram-Postcopy-Requests | H9: Ram-Dirty-Sync-Count | I9: Ram-Remaining | J9: Ram-Mbps | K9: Ram-Transferred | L9: Ram-Duplicate | M9: Ram-Dirty-Pages-Rate | N9: Ram-Skipped | O9: Ram-Normal-Bytes | P9: Ram-Normal | Q9: Total-Fake-Dirty-Pages | R9: Total-Transferred-Page-Count
A10: 1 | B10: 3 | C10: 3 | D10: 31 | E10: 13761 | F10: 2165121024 | G10: 0 | H10: 5 | I10: 0 | J10: 845.73828 | K10: 1454246027 | L10: 8871 | M10: 0 | N10: 0 | O10: 28672 | P10: 7 | Q10: 24476 | R10: 552158
A11: 2 | B11: 3 | C11: 3 | D11: 44 | E11: 13916 | F11: 2165121024 | G11: 0 | H11: 5 | I11: 0 | J11: 840.90319 | K11: 1462223380 | L11: 12114 | M11: 0 | N11: 0 | O11: 28672 | P11: 7 | Q11: 38104 | R11: 558285
A12: 3 | B12: 3 | C12: 3 | D12: 34 | E12: 13483 | F12: 2165121024 | G12: 0 | H12: 5 | I12: 0 | J12: 860.31659 | K12: 1449421075 | L12: 9778 | M12: 0 | N12: 0 | O12: 32768 | P12: 8 | Q12: 29754 | R12: 550804
A13: Average | B13: =AVERAGE(B10:B12) -> 3 | C13: =AVERAGE(C10:C12) -> 3 | D13: =AVERAGE(D10:D12) -> 36.333333 | E13: =AVERAGE(E10:E12) -> 13720 | F13: =AVERAGE(F10:F12) -> 2165121024 | G13: =AVERAGE(G10:G12) -> 0 | H13: =AVERAGE(H10:H12) -> 5 | I13: =AVERAGE(I10:I12) -> 0 | ... R13: =AVERAGE(R10:R12) -> 553749
A15: RAM | B15: 4096
A16: Experiment | B16: Iterations | C16: Setup-Time | D16: Downtime | E16: Total-Time | F16: Ram-Total | G16: Ram-Postcopy-Requests | H16: Ram-Dirty-Sync-Count | I16: Ram-Remaining | J16: Ram-Mbps | K16: Ram-Transferred | L16: Ram-Duplicate | M16: Ram-Dirty-Pages-Rate | N16: Ram-Skipped | O16: Ram-Normal-Bytes | P16: Ram-Normal | Q16: Total-Fake-Dirty-Pages | R16: Total-Transferred-Page-Count
A17: 1 | B17: 4 | C17: 3 | D17: 41 | E17: 24362 | F17: 4312604672 | G17: 0 | H17: 6 | I17: 0 | J17: 651.36183 | K17: 1983102930 | L17: 298878 | M17: 0 | N17: 0 | O17: 28672 | P17: 7 | Q17: 98488 | R17: 1109032
A18: 2 | B18: 4 | C18: 4 | D18: 67 | E18: 24894 | F18: 4312604672 | G18: 0 | H18: 6 | I18: 0 | J18: 633.59929 | K18: 1971073389 | L18: 310424 | M18: 0 | N18: 0 | O18: 28672 | P18: 7 | Q18: 121691 | R18: 1107293
A19: 3 | B19: 3 | C19: 4 | D19: 61 | E19: 23553 | F19: 4312604672 | G19: 0 | H19: 5 | I19: 0 | J19: 646.24903 | K19: 1902102426 | L19: 309475 | M19: 0 | N19: 0 | O19: 28672 | P19: 7 | Q19: 70451 | R19: 1082083
A20: Average | B20: =AVERAGE(B17:B19) -> 3.6666667 | C20: =AVERAGE(C17:C19) -> 3.6666667 | D20: =AVERAGE(D17:D19) -> 56.333333 | E20: =AVERAGE(E17:E19) -> 24269.667 | F20: =AVERAGE(F17:F19) -> 4312604672 | G20: =AVERAGE(G17:G19) -> 0 | H20: =AVERAGE(H17:H19) -> 5.6666667 | I20: =AVERAGE(I17:I19) -> 0 | ... R20: =AVERAGE(R17:R19) -> 1099469.3
A22: RAM | B22: 8192
A23: Experiment | B23: Iterations | C23: Setup-Time | D23: Downtime | E23: Total-Time | F23: Ram-Total | G23: Ram-Postcopy-Requests | H23: Ram-Dirty-Sync-Count | I23: Ram-Remaining | J23: Ram-Mbps | K23: Ram-Transferred | L23: Ram-Duplicate | M23: Ram-Dirty-Pages-Rate | N23: Ram-Skipped | O23: Ram-Normal-Bytes | P23: Ram-Normal | Q23: Total-Fake-Dirty-Pages | R23: Total-Transferred-Page-Count
A24: 1 | B24: 4 | C24: 5 | D24: 98 | E24: 41869 | F24: 8607571968 | G24: 0 | H24: 6 | I24: 0 | J24: 391.54573 | K24: 2048746420 | L24: 1311395 | M24: 0 | N24: 0 | O24: 28672 | P24: 7 | Q24: 98759 | R24: 2146579
A25: 2 | B25: 4 | C25: 6 | D25: 45 | E25: 41390 | F25: 8607571968 | G25: 0 | H25: 6 | I25: 0 | J25: 412.36212 | K25: 2132936832 | L25: 1309749 | M25: 0 | N25: 0 | O25: 28672 | P25: 7 | Q25: 78617 | R25: 2176737
A26: 3 | B26: 4 | C26: 5 | D26: 45 | E26: 41703 | F26: 8607571968 | G26: 0 | H26: 6 | I26: 0 | J26: 426.66613 | K26: 2223678112 | L26: 1273239 | M26: 0 | N26: 0 | O26: 28672 | P26: 7 | Q26: 114148 | R26: 2169617
A27: Average | B27: =AVERAGE(B24:B26) -> 4 | C27: =AVERAGE(C24:C26) -> 5.3333333 | D27: =AVERAGE(D24:D26) -> 62.666667 | E27: =AVERAGE(E24:E26) -> 41654 | F27: =AVERAGE(F24:F26) -> 8607571968 | G27: =AVERAGE(G24:G26) -> 0 | H27: =AVERAGE(H24:H26) -> 6 | I27: =AVERAGE(I24:I26) -> 0 | ... R27: =AVERAGE(R24:R26) -> 2164311
A29: RAM | B29: 12288
A30: Experiment | B30: Iterations | C30: Setup-Time | D30: Downtime | E30: Total-Time | F30: Ram-Total | G30: Ram-Postcopy-Requests | H30: Ram-Dirty-Sync-Count | I30: Ram-Remaining | J30: Ram-Mbps | K30: Ram-Transferred | L30: Ram-Duplicate | M30: Ram-Dirty-Pages-Rate | N30: Ram-Skipped | O30: Ram-Normal-Bytes | P30: Ram-Normal | Q30: Total-Fake-Dirty-Pages | R30: Total-Transferred-Page-Count
A31: 1 | B31: 3 | C31: 7 | D31: 97 | E31: 57739 | F31: 12902539264 | G31: 0 | H31: 5 | I31: 0 | J31: 331.15689 | K31: 2389581305 | L31: 2240854 | M31: 0 | N31: 0 | O31: 28672 | P31: 7 | Q31: 131743 | R31: 3214331
A32: 2 | B32: 4 | C32: 6 | D32: 75 | E32: 57946 | F32: 12902539264 | G32: 0 | H32: 6 | I32: 0 | J32: 311.77145 | K32: 2257792340 | L32: 2302123 | M32: 0 | N32: 0 | O32: 28672 | P32: 7 | Q32: 136528 | R32: 3224573
A33: 3 | B33: 4 | C33: 7 | D33: 47 | E33: 57828 | F33: 12902539264 | G33: 0 | H33: 6 | I33: 0 | J33: 325.70734 | K33: 2353878095 | L33: 2261723 | M33: 0 | N33: 0 | O33: 28672 | P33: 7 | Q33: 142855 | R33: 3223353
A34: Average | B34: =AVERAGE(B31:B33) -> 3.6666667 | C34: =AVERAGE(C31:C33) -> 6.6666667 | D34: =AVERAGE(D31:D33) -> 73 | E34: =AVERAGE(E31:E33) -> 57837.667 | F34: =AVERAGE(F31:F33) -> 12902539264 | G34: =AVERAGE(G31:G33) -> 0 | H34: =AVERAGE(H31:H33) -> 5.6666667 | I34: =AVERAGE(I31:I33) -> 0 | ... R34: =AVERAGE(R31:R33) -> 3220752.3
A36: RAM | B36: 16384
A37: Experiment | B37: Iterations | C37: Setup-Time | D37: Downtime | E37: Total-Time | F37: Ram-Total | G37: Ram-Postcopy-Requests | H37: Ram-Dirty-Sync-Count | I37: Ram-Remaining | J37: Ram-Mbps | K37: Ram-Transferred | L37: Ram-Duplicate | M37: Ram-Dirty-Pages-Rate | N37: Ram-Skipped | O37: Ram-Normal-Bytes | P37: Ram-Normal | Q37: Total-Fake-Dirty-Pages | R37: Total-Transferred-Page-Count
A38: 1 | B38: 4 | C38: 9 | D38: 140 | E38: 76228 | F38: 17197506560 | G38: 0 | H38: 6 | I38: 0 | J38: 280.8357 | K38: 2675414664 | L38: 3200921 | M38: 0 | N38: 0 | O38: 28672 | P38: 7 | Q38: 125994 | R38: 4293505
A39: 2 | B39: 5 | C39: 9 | D39: 49 | E39: 76655 | F39: 17197506560 | G39: 0 | H39: 7 | I39: 0 | J39: 263.20507 | K39: 2521489555 | L39: 3261994 | M39: 0 | N39: 0 | O39: 28672 | P39: 7 | Q39: 210445 | R39: 4287746
A40: 3 | B40: 4 | C40: 9 | D40: 78 | E40: 76154 | F40: 17197506560 | G40: 0 | H40: 6 | I40: 0 | J40: 283.17694 | K40: 2695101134 | L40: 3211342 | M40: 0 | N40: 0 | O40: 28672 | P40: 7 | Q40: 170786 | R40: 4295729
A41: Average | B41: =AVERAGE(B38:B40) -> 4.3333333 | C41: =AVERAGE(C38:C40) -> 9 | D41: =AVERAGE(D38:D40) -> 89 | E41: =AVERAGE(E38:E40) -> 76345.667 | F41: =AVERAGE(F38:F40) -> 17197506560 | G41: =AVERAGE(G38:G40) -> 0 | H41: =AVERAGE(H38:H40) -> 6.3333333 | I41: =AVERAGE(I38:I40) -> 0 | ... R41: =AVERAGE(R38:R40) -> 4292326.7

Sheet Compress_HBFDP_Murmur3
A1: RAM | B1: 1024
A2: Experiment | B2: Iterations | C2: Setup-Time | D2: Downtime | E2: Total-Time | F2: Ram-Total | G2: Ram-Postcopy-Requests | H2: Ram-Dirty-Sync-Count | I2: Ram-Remaining | J2: Ram-Mbps | K2: Ram-Transferred | L2: Ram-Duplicate | M2: Ram-Dirty-Pages-Rate | N2: Ram-Skipped | O2: Ram-Normal-Bytes | P2: Ram-Normal | Q2: Total-Fake-Dirty-Pages | R2: Total-Transferred-Page-Count
A3: 1 | B3: 2 | C3: 2 | D3: 87 | E3: 6495 | F3: 1091379200 | G3: 0 | H3: 4 | I3: 0 | J3: 829.83619 | K3: 673303437 | L3: 10695 | M3: 0 | N3: 0 | O3: 28672 | P3: 7 | Q3: 17787 | R3: 276986
A4: 2 | B4: 2 | C4: 3 | D4: 68 | E4: 6488 | F4: 1091379200 | G4: 0 | H4: 4 | I4: 0 | J4: 832.96381 | K4: 675008932 | L4: 11127 | M4: 0 | N4: 0 | O4: 32768 | P4: 8 | Q4: 17696 | R4: 277726
A5: 3 | B5: 2 | C5: 3 | D5: 105 | E5: 6472 | F5: 1091379200 | G5: 0 | H5: 4 | I5: 0 | J5: 837.12982 | K5: 676711742 | L5: 10611 | M5: 0 | N5: 0 | O5: 32768 | P5: 8 | Q5: 15209 | R5: 277324
A6: Average | B6: =AVERAGE(B3:B5) -> 2 | C6: =AVERAGE(C3:C5) -> 2.6666667 | D6: =AVERAGE(D3:D5) -> 86.666667 | E6: =AVERAGE(E3:E5) -> 6485 | F6: =AVERAGE(F3:F5) -> 1091379200 | G6: =AVERAGE(G3:G5) -> 0 | H6: =AVERAGE(H3:H5) -> 4 | I6: =AVERAGE(I3:I5) -> 0 | ... R6: =AVERAGE(R3:R5) -> 277345.33
A8: RAM | B8: 2048
A9: Experiment | B9: Iterations | C9: Setup-Time | D9: Downtime | E9: Total-Time | F9: Ram-Total | G9: Ram-Postcopy-Requests | H9: Ram-Dirty-Sync-Count | I9: Ram-Remaining | J9: Ram-Mbps | K9: Ram-Transferred | L9: Ram-Duplicate | M9: Ram-Dirty-Pages-Rate | N9: Ram-Skipped | O9: Ram-Normal-Bytes | P9: Ram-Normal | Q9: Total-Fake-Dirty-Pages | R9: Total-Transferred-Page-Count
A10: 1 | B10: 3 | C10: 3 | D10: 38 | E10: 14169 | F10: 2165121024 | G10: 0 | H10: 5 | I10: 0 | J10: 832.98126 | K10: 1474789188 | L10: 10021 | M10: 0 | N10: 0 | O10: 28672 | P10: 7 | Q10: 42213 | R10: 561712
A11: 2 | B11: 3 | C11: 3 | D11: 47 | E11: 14076 | F11: 2165121024 | G11: 0 | H11: 5 | I11: 0 | J11: 825.84349 | K11: 1452549547 | L11: 11667 | M11: 0 | N11: 0 | O11: 28672 | P11: 7 | Q11: 40596 | R11: 553846
A12: 3 | B12: 3 | C12: 2 | D12: 27 | E12: 14113 | F12: 2165121024 | G12: 0 | H12: 5 | I12: 0 | J12: 819.83216 | K12: 1445869067 | L12: 11838 | M12: 0 | N12: 0 | O12: 28672 | P12: 7 | Q12: 30331 | R12: 552999
A13: Average | B13: =AVERAGE(B10:B12) -> 3 | C13: =AVERAGE(C10:C12) -> 2.6666667 | D13: =AVERAGE(D10:D12) -> 37.333333 | E13: =AVERAGE(E10:E12) -> 14119.333 | F13: =AVERAGE(F10:F12) -> 2165121024 | G13: =AVERAGE(G10:G12) -> 0 | H13: =AVERAGE(H10:H12) -> 5 | I13: =AVERAGE(I10:I12) -> 0 | ... R13: =AVERAGE(R10:R12) -> 556185.67
A15: RAM | B15: 4096
A16: Experiment | B16: Iterations | C16: Setup-Time | D16: Downtime | E16: Total-Time | F16: Ram-Total | G16: Ram-Postcopy-Requests | H16: Ram-Dirty-Sync-Count | I16: Ram-Remaining | J16: Ram-Mbps | K16: Ram-Transferred | L16: Ram-Duplicate | M16: Ram-Dirty-Pages-Rate | N16: Ram-Skipped | O16: Ram-Normal-Bytes | P16: Ram-Normal | Q16: Total-Fake-Dirty-Pages | R16: Total-Transferred-Page-Count
A17: 1 | B17: 4 | C17: 4 | D17: 167 | E17: 25040 | F17: 4312604672 | G17: 0 | H17: 6 | I17: 0 | J17: 663.21918 | K17: 2075332010 | L17: 277516 | M17: 0 | N17: 0 | O17: 28672 | P17: 7 | Q17: 86837 | R17: 1109982
A18: 2 | B18: 4 | C18: 3 | D18: 146 | E18: 24985 | F18: 4312604672 | G18: 0 | H18: 6 | I18: 0 | J18: 645.02245 | K18: 2014031437 | L18: 302953 | M18: 0 | N18: 0 | O18: 28672 | P18: 7 | Q18: 54404 | R18: 1114817
A19: 3 | B19: 3 | C19: 4 | D19: 68 | E19: 24729 | F19: 4312604672 | G19: 0 | H19: 5 | I19: 0 | J19: 651.3388 | K19: 2012831603 | L19: 273982 | M19: 0 | N19: 0 | O19: 28672 | P19: 7 | Q19: 54857 | R19: 1084192
A20: Average | B20: =AVERAGE(B17:B19) -> 3.6666667 | C20: =AVERAGE(C17:C19) -> 3.6666667 | D20: =AVERAGE(D17:D19) -> 127 | E20: =AVERAGE(E17:E19) -> 24918 | F20: =AVERAGE(F17:F19) -> 4312604672 | G20: =AVERAGE(G17:G19) -> 0 | H20: =AVERAGE(H17:H19) -> 5.6666667 | I20: =AVERAGE(I17:I19) -> 0 | ... R20: =AVERAGE(R17:R19) -> 1102997
A22: RAM | B22: 8192
A23: Experiment | B23: Iterations | C23: Setup-Time | D23: Downtime | E23: Total-Time | F23: Ram-Total | G23: Ram-Postcopy-Requests | H23: Ram-Dirty-Sync-Count | I23: Ram-Remaining | J23: Ram-Mbps | K23: Ram-Transferred | L23: Ram-Duplicate | M23: Ram-Dirty-Pages-Rate | N23: Ram-Skipped | O23: Ram-Normal-Bytes | P23: Ram-Normal | Q23: Total-Fake-Dirty-Pages | R23: Total-Transferred-Page-Count
A24: 1 | B24: 4 | C24: 5 | D24: 56 | E24: 44028 | F24: 8607571968 | G24: 0 | H24: 6 | I24: 0 | J24: 420.1105 | K24: 2311603181 | L24: 1243701 | M24: 0 | N24: 0 | O24: 28672 | P24: 7 | Q24: 131936 | R24: 2173007
A25: 2 | B25: 4 | C25: 5 | D25: 53 | E25: 44456 | F25: 8607571968 | G25: 0 | H25: 6 | I25: 0 | J25: 395.71811 | K25: 2198545778 | L25: 1283003 | M25: 0 | N25: 0 | O25: 28672 | P25: 7 | Q25: 152747 | R25: 2170482
A26: 3 | B26: 3 | C26: 6 | D26: 107 | E26: 44148 | F26: 8607571968 | G26: 0 | H26: 5 | I26: 0 | J26: 409.82839 | K26: 2261118208 | L26: 1242594 | M26: 0 | N26: 0 | O26: 28672 | P26: 7 | Q26: 58116 | R26: 2151062
A27: Average | B27: =AVERAGE(B24:B26) -> 3.6666667 | C27: =AVERAGE(C24:C26) -> 5.3333333 | D27: =AVERAGE(D24:D26) -> 72 | E27: =AVERAGE(E24:E26) -> 44210.667 | F27: =AVERAGE(F24:F26) -> 8607571968 | G27: =AVERAGE(G24:G26) -> 0 | H27: =AVERAGE(H24:H26) -> 5.6666667 | I27: =AVERAGE(I24:I26) -> 0 | ... R27: =AVERAGE(R24:R26) -> 2164850.3
A29: RAM | B29: 12288
A30: Experiment | B30: Iterations | C30: Setup-Time | D30: Downtime | E30: Total-Time | F30: Ram-Total | G30: Ram-Postcopy-Requests | H30: Ram-Dirty-Sync-Count | I30: Ram-Remaining | J30: Ram-Mbps | K30: Ram-Transferred | L30: Ram-Duplicate | M30: Ram-Dirty-Pages-Rate | N30: Ram-Skipped | O30: Ram-Normal-Bytes | P30: Ram-Normal | Q30: Total-Fake-Dirty-Pages | R30: Total-Transferred-Page-Count
A31: 1 | B31: 4 | C31: 7 | D31: 52 | E31: 60852 | F31: 12902539264 | G31: 0 | H31: 6 | I31: 0 | J31: 298.6532 | K31: 2271231843 | L31: 2286362 | M31: 0 | N31: 0 | O31: 28672 | P31: 7 | Q31: 139014 | R31: 3222535
A32: 2 | B32: 4 | C32: 6 | D32: 52 | E32: 61080 | F32: 12902539264 | G32: 0 | H32: 6 | I32: 0 | J32: 315.79871 | K32: 2410673857 | L32: 2231507 | M32: 0 | N32: 0 | O32: 28672 | P32: 7 | Q32: 141595 | R32: 3206032
A33: 3 | B33: 4 | C33: 7 | D33: 54 | E33: 60670 | F33: 12902539264 | G33: 0 | H33: 6 | I33: 0 | J33: 301.97452 | K33: 2289622615 | L33: 2272568 | M33: 0 | N33: 0 | O33: 28672 | P33: 7 | Q33: 83699 | R33: 3206023
A34: Average | B34: =AVERAGE(B31:B33) -> 4 | C34: =AVERAGE(C31:C33) -> 6.6666667 | D34: =AVERAGE(D31:D33) -> 52.666667 | E34: =AVERAGE(E31:E33) -> 60867.333 | F34: =AVERAGE(F31:F33) -> 12902539264 | G34: =AVERAGE(G31:G33) -> 0 | H34: =AVERAGE(H31:H33) -> 6 | I34: =AVERAGE(I31:I33) -> 0 | ... R34: =AVERAGE(R31:R33) -> 3211530
A36: RAM | B36: 16384
A37: Experiment | B37: Iterations | C37: Setup-Time | D37: Downtime | E37: Total-Time | F37: Ram-Total | G37: Ram-Postcopy-Requests | H37: Ram-Dirty-Sync-Count | I37: Ram-Remaining | J37: Ram-Mbps | K37: Ram-Transferred | L37: Ram-Duplicate | M37: Ram-Dirty-Pages-Rate | N37: Ram-Skipped | O37: Ram-Normal-Bytes | P37: Ram-Normal | Q37: Total-Fake-Dirty-Pages | R37: Total-Transferred-Page-Count
A38: 1 | B38: 5 | C38: 9 | D38: 145 | E38: 80623 | F38: 17197506560 | G38: 0 | H38: 7 | I38: 0 | J38: 254.93169 | K38: 2568670205 | L38: 3258495 | M38: 0 | N38: 0 | O38: 53248 | P38: 13 | Q38: 233482 | R38: 4303510
A39: 2 | B39: 6 | C39: 8 | D39: 100 | E39: 80516 | F39: 17197506560 | G39: 0 | H39: 8 | I39: 0 | J39: 247.0056 | K39: 2485528422 | L39: 3284965 | M39: 0 | N39: 0 | O39: 61440 | P39: 15 | Q39: 226840 | R39: 4309637
A40: 3 | B40: 6 | C40: 9 | D40: 95 | E40: 79522 | F40: 17197506560 | G40: 0 | H40: 8 | I40: 0 | J40: 259.08369 | K40: 2574852425 | L40: 3245358 | M40: 0 | N40: 0 | O40: 45056 | P40: 11 | Q40: 171859 | R40: 4294218
A41: Average | B41: =AVERAGE(B38:B40) -> 5.6666667 | C41: =AVERAGE(C38:C40) -> 8.6666667 | D41: =AVERAGE(D38:D40) -> 113.33333 | E41: =AVERAGE(E38:E40) -> 80220.333 | F41: =AVERAGE(F38:F40) -> 17197506560 | G41: =AVERAGE(G38:G40) -> 0 | H41: =AVERAGE(H38:H40) -> 7.6666667 | I41: =AVERAGE(I38:I40) -> 0 | ... R41: =AVERAGE(R38:R40) -> 4302455
